,"Principal Figures(2008SNA)",
,,,,,,,,,,,,,,,,,,,,,,,,,,,
"Period","Population (Mid-Year,Persons)","Annual Growth Rate(%)","Exchange Rate (N.T.$ per U.S.$)","Annual Growth Rate(%)","GDP Growth Rate (%)","Annual Growth Rate(%)","GDP (Million N.T.$,at Current Prices)","Annual Growth Rate(%)","GDP (Million U.S.$,at Current Prices)","Annual Growth Rate(%)","Per Capita GDP ( N.T.$,at Current Prices )","Annual Growth Rate(%)","Per Capita GDP ( U.S.$,at Current Prices )","Annual Growth Rate(%)","GNI (Million N.T.$,at Current Prices)","Annual Growth Rate(%)","GNI (Million U.S.$,at Current Prices)","Annual Growth Rate(%)","Per Capita GNI ( N.T.$,at Current Prices )","Annual Growth Rate(%)","Per Capita GNI ( U.S.$,at Current Prices )","Annual Growth Rate(%)","NI (Million N.T.$,at Current Prices)","Annual Growth Rate(%)","NI (Million U.S.$,at Current Prices)","Annual Growth Rate(%)","Per Capita NI ( N.T.$,at Current Prices)","Annual Growth Rate(%)","Per Capita NI ( U.S.$,at Current Prices )","Annual Growth Rate(%)"
"1961 Q1",10895610,-,40.00,--,-,--,17544,-,439,-,1610,-,40,-,17523,-,438,-,1608,-,40,-,-,-,-,-,-,-,-,-
"1961 Q2",10985460,-,40.00,--,-,--,17269,-,432,-,1572,-,39,-,17248,-,431,-,1570,-,39,-,-,-,-,-,-,-,-,-
"1961 Q3",11075310,-,40.00,--,-,--,16213,-,405,-,1464,-,37,-,16193,-,405,-,1462,-,37,-,-,-,-,-,-,-,-,-
"1961 Q4",11165159,-,40.00,--,-,--,20096,-,502,-,1802,-,45,-,20075,-,502,-,1800,-,45,-,-,-,-,-,-,-,-,-
"1962 Q1",11255692,3.30,40.00,--,8.88,--,18727,6.74,468,6.61,1665,3.42,42,5.00,18699,6.71,467,6.62,1661,3.30,42,5.00,-,-,-,-,-,-,-,-
"1962 Q2",11346906,3.29,40.00,--,9.11,--,19147,10.87,479,10.88,1688,7.38,42,7.69,19120,10.85,478,10.90,1685,7.32,42,7.69,-,-,-,-,-,-,-,-
"1962 Q3",11438121,3.28,40.00,--,12.39,--,18533,14.31,463,14.32,1621,10.72,41,10.81,18506,14.28,463,14.32,1618,10.67,40,8.11,-,-,-,-,-,-,-,-
"1962 Q4",11529335,3.26,40.00,--,6.05,--,21998,9.46,550,9.56,1908,5.88,47,4.44,21970,9.44,549,9.36,1908,6.00,48,6.67,-,-,-,-,-,-,-,-
"1963 Q1",11621732,3.25,40.00,--,14.38,--,21913,17.01,548,17.09,1886,13.27,47,11.90,21884,17.03,547,17.13,1884,13.43,47,11.90,-,-,-,-,-,-,-,-
"1963 Q2",11715312,3.25,40.00,--,10.91,--,21578,12.70,539,12.53,1842,9.12,46,9.52,21549,12.70,539,12.76,1839,9.14,46,9.52,-,-,-,-,-,-,-,-
"1963 Q3",11808891,3.24,40.00,--,7.35,--,20496,10.59,512,10.58,1736,7.09,43,4.88,20468,10.60,512,10.58,1733,7.11,43,7.50,-,-,-,-,-,-,-,-
"1963 Q4",11902471,3.24,40.00,--,10.31,--,24745,12.49,619,12.55,2080,9.01,53,12.77,24718,12.51,617,12.39,2078,8.91,52,8.33,-,-,-,-,-,-,-,-
"1964 Q1",11996231,3.22,40.00,--,12.94,--,26283,19.94,657,19.89,2191,16.17,55,17.02,26264,20.01,657,20.11,2189,16.19,55,17.02,-,-,-,-,-,-,-,-
"1964 Q2",12090172,3.20,40.00,--,13.96,--,25537,18.35,638,18.37,2112,14.66,53,15.22,25534,18.49,638,18.37,2112,14.85,53,15.22,-,-,-,-,-,-,-,-
"1964 Q3",12184114,3.18,40.00,--,13.40,--,23732,15.79,593,15.82,1948,12.21,49,13.95,23740,15.99,594,16.02,1948,12.41,49,13.95,-,-,-,-,-,-,-,-
"1964 Q4",12278055,3.16,40.00,--,10.58,--,28113,13.61,704,13.73,2290,10.10,57,7.55,28143,13.86,703,13.94,2293,10.35,57,9.62,-,-,-,-,-,-,-,-
"1965 Q1",12371735,3.13,40.00,--,10.33,--,28200,7.29,705,7.31,2279,4.02,57,3.64,28152,7.19,704,7.15,2276,3.97,57,3.64,-,-,-,-,-,-,-,-
"1965 Q2",12465154,3.10,40.00,--,11.48,--,28597,11.98,715,12.07,2294,8.62,57,7.55,28548,11.80,714,11.91,2290,8.43,57,7.55,-,-,-,-,-,-,-,-
"1965 Q3",12558572,3.07,40.00,--,12.92,--,26822,13.02,671,13.15,2136,9.65,53,8.16,26773,12.78,669,12.63,2132,9.45,53,8.16,-,-,-,-,-,-,-,-
"1965 Q4",12651991,3.05,40.00,--,12.81,--,31143,10.78,778,10.51,2463,7.55,62,8.77,31095,10.49,777,10.53,2459,7.24,62,8.77,-,-,-,-,-,-,-,-
"1966 Q1",12742563,3.00,40.00,--,6.62,--,30407,7.83,760,7.80,2387,4.74,60,5.26,30396,7.97,760,7.95,2386,4.83,60,5.26,28845,-,721,-,2264,-,57,-
"1966 Q2",12830290,2.93,40.00,--,9.84,--,31379,9.73,784,9.65,2447,6.67,61,7.02,31362,9.86,784,9.80,2445,6.77,61,7.02,29712,-,743,-,2316,-,58,-
"1966 Q3",12918016,2.86,40.00,--,13.30,--,30923,15.29,773,15.20,2395,12.13,60,13.21,30901,15.42,773,15.55,2393,12.24,60,13.21,29087,-,727,-,2252,-,56,-
"1966 Q4",13005742,2.80,40.00,--,9.03,--,35563,14.19,890,14.40,2735,11.04,68,9.68,35516,14.22,887,14.16,2732,11.10,68,9.68,33628,-,841,-,2588,-,64,-
"1967 Q1",13089790,2.72,40.00,--,12.30,--,35262,15.97,882,16.05,2695,12.90,67,11.67,35194,15.78,880,15.79,2690,12.74,67,11.67,33294,15.42,832,15.40,2545,12.41,64,12.28
"1967 Q2",13170160,2.65,40.00,--,10.49,--,35662,13.65,892,13.78,2709,10.71,68,11.48,35579,13.45,889,13.39,2702,10.51,68,11.48,33549,12.91,839,12.92,2548,10.02,64,10.34
"1967 Q3",13250529,2.57,40.00,--,8.95,--,36027,16.51,901,16.56,2720,13.57,68,13.33,35947,16.33,899,16.30,2714,13.41,68,13.33,33781,16.14,845,16.23,2550,13.23,64,14.29
"1967 Q4",13330899,2.50,40.00,--,12.67,--,41397,16.40,1034,16.18,3106,13.56,78,14.71,41305,16.30,1033,16.46,3099,13.43,77,13.24,39044,16.11,976,16.05,2930,13.21,72,12.50
"1968 Q1",13415447,2.49,40.00,--,8.44,--,39991,13.41,1000,13.38,2982,10.65,75,11.94,39906,13.39,998,13.41,2976,10.63,74,10.45,37578,12.87,939,12.86,2802,10.10,70,9.38
"1968 Q2",13504174,2.54,40.00,--,9.02,--,41595,16.64,1040,16.59,3081,13.73,77,13.24,41535,16.74,1038,16.76,3077,13.88,77,13.24,39075,16.47,977,16.45,2895,13.62,72,12.50
"1968 Q3",13592901,2.58,40.00,--,12.89,--,43045,19.48,1076,19.42,3168,16.47,79,16.18,42945,19.47,1074,19.47,3160,16.43,79,16.18,40267,19.20,1007,19.17,2963,16.20,74,15.63
"1968 Q4",13681628,2.63,40.00,--,8.73,--,48377,16.86,1209,16.92,3538,13.91,88,12.82,48164,16.61,1204,16.55,3523,13.68,88,14.29,45365,16.19,1134,16.19,3318,13.24,83,15.28
"1969 Q1",13811739,2.95,40.00,--,11.56,--,47916,19.82,1198,19.80,3471,16.40,87,16.00,47842,19.89,1196,19.84,3465,16.43,87,17.57,44905,19.50,1123,19.60,3252,16.06,81,15.71
"1969 Q2",13983236,3.55,40.00,--,9.98,--,48732,17.16,1218,17.12,3487,13.18,87,12.99,48660,17.15,1217,17.24,3481,13.13,87,12.99,45558,16.59,1139,16.58,3259,12.57,81,12.50
"1969 Q3",14154732,4.13,40.00,--,9.89,--,49355,14.66,1234,14.68,3489,10.13,87,10.13,49320,14.84,1233,14.80,3485,10.28,87,10.13,46057,14.38,1151,14.30,3255,9.85,81,9.46
"1969 Q4",14326228,4.71,40.00,--,7.27,--,54685,13.04,1367,13.07,3818,7.91,96,9.09,54619,13.40,1365,13.37,3816,8.32,95,7.95,51181,12.82,1280,12.87,3575,7.75,91,9.64
"1970 Q1",14456789,4.67,40.00,--,8.07,--,53497,11.65,1337,11.60,3700,6.60,93,6.90,53472,11.77,1337,11.79,3699,6.75,92,5.75,50096,11.56,1252,11.49,3465,6.55,87,7.41
"1970 Q2",14539891,3.98,40.00,--,13.14,--,57199,17.37,1430,17.41,3934,12.82,98,12.64,57077,17.30,1427,17.26,3926,12.78,98,12.64,53490,17.41,1337,17.38,3679,12.89,92,13.58
"1970 Q3",14615985,3.26,40.00,--,11.32,--,57385,16.27,1435,16.29,3926,12.53,98,12.64,57399,16.38,1435,16.38,3927,12.68,98,12.64,53599,16.38,1340,16.42,3667,12.66,92,13.58
"1970 Q4",14704093,2.64,40.00,--,13.34,--,63316,15.78,1583,15.80,4308,12.83,108,12.50,63037,15.41,1576,15.46,4287,12.34,108,13.68,59004,15.28,1476,15.31,4014,12.28,100,9.89
"1971 Q1",14795178,2.34,40.00,--,13.58,--,62991,17.75,1575,17.80,4258,15.08,106,13.98,63010,17.84,1575,17.80,4259,15.14,106,15.22,58926,17.63,1473,17.65,3983,14.95,100,14.94
"1971 Q2",14874437,2.30,40.00,--,16.26,--,67086,17.29,1677,17.27,4510,14.64,113,15.31,66944,17.29,1674,17.31,4501,14.65,113,15.31,62681,17.18,1567,17.20,4215,14.57,105,14.13
"1971 Q3",14947675,2.27,40.00,--,14.54,--,66616,16.09,1665,16.03,4457,13.53,111,13.27,66558,15.96,1664,15.96,4453,13.39,111,13.27,62045,15.76,1551,15.75,4151,13.20,104,13.04
"1971 Q4",15028940,2.21,40.00,--,9.77,--,72391,14.33,1810,14.34,4818,11.84,121,12.04,72450,14.93,1811,14.91,4822,12.48,121,12.04,67532,14.45,1689,14.43,4494,11.96,112,12.00
"1972 Q1",15109925,2.13,40.00,--,14.41,--,75618,20.05,1890,20.00,5004,17.52,125,17.92,75358,19.60,1884,19.62,4986,17.07,125,17.92,70180,19.10,1755,19.14,4644,16.60,116,16.00
"1972 Q2",15177272,2.04,40.00,--,14.02,--,80489,19.98,2012,19.98,5301,17.54,133,17.70,80555,20.33,2014,20.31,5306,17.88,133,17.70,75145,19.88,1879,19.91,4950,17.44,124,18.10
"1972 Q3",15243614,1.98,40.00,--,12.29,--,80071,20.20,2002,20.24,5252,17.84,131,18.02,79950,20.12,1999,20.13,5244,17.76,131,18.02,74151,19.51,1854,19.54,4863,17.15,122,17.31
"1972 Q4",15323024,1.96,40.00,--,14.72,--,86326,19.25,2159,19.28,5632,16.89,141,16.53,86709,19.68,2167,19.66,5657,17.32,141,16.53,80439,19.11,2010,19.01,5248,16.78,131,16.96
"1973 Q1",15398584,1.91,39.00,--,14.35,--,92365,22.15,2366,25.19,6000,19.90,154,23.20,92400,22.61,2367,25.64,6003,20.40,154,23.20,85645,22.04,2194,25.01,5564,19.81,143,23.28
"1973 Q2",15466929,1.91,38.00,--,10.46,--,97995,21.75,2577,28.08,6338,19.56,167,25.56,97975,21.62,2576,27.90,6336,19.41,167,25.56,90543,20.49,2381,26.72,5856,18.30,154,24.19
"1973 Q3",15537283,1.93,38.00,--,14.94,--,105485,31.74,2773,38.51,6792,29.32,179,36.64,105129,31.49,2764,38.27,6769,29.08,178,35.88,96486,30.12,2537,36.84,6212,27.74,163,33.61
"1973 Q4",15608643,1.86,38.00,--,11.79,--,122615,42.04,3224,49.33,7859,39.54,206,46.10,122840,41.67,3230,49.05,7873,39.17,206,46.10,113131,40.64,2974,47.96,7250,38.15,191,45.80
"1974 Q1",15676296,1.80,38.00,--,7.01,--,138047,49.46,3633,53.55,8804,46.73,232,50.65,138218,49.59,3637,53.65,8815,46.84,232,50.65,125915,47.02,3314,51.05,8030,44.32,211,47.55
"1974 Q2",15744624,1.80,38.00,--,3.47,--,142838,45.76,3759,45.87,9070,43.11,239,43.11,142318,45.26,3745,45.38,9037,42.63,238,42.51,129524,43.05,3409,43.18,8225,40.45,216,40.26
"1974 Q3",15812952,1.77,38.00,--,0.11,--,137727,30.57,3624,30.69,8708,28.21,229,27.93,137516,30.81,3619,30.93,8694,28.44,229,28.65,124338,28.87,3272,28.97,7861,26.55,207,26.99
"1974 Q4",15889319,1.80,38.00,--,0.34,--,141473,15.38,3723,15.48,8901,13.26,234,13.59,141856,15.48,3733,15.57,8925,13.36,234,13.59,128537,13.62,3382,13.72,8087,11.54,213,11.52
"1975 Q1",15967632,1.86,38.00,--,-2.80,--,139685,1.19,3676,1.18,8748,-0.64,230,-0.86,139303,0.78,3666,0.80,8724,-1.03,230,-0.86,124581,-1.06,3278,-1.09,7802,-2.84,205,-2.84
"1975 Q2",16036952,1.86,38.00,--,4.50,--,147757,3.44,3888,3.43,9214,1.59,242,1.26,147015,3.30,3869,3.31,9167,1.44,241,1.26,132362,2.19,3483,2.17,8254,0.35,217,0.46
"1975 Q3",16101248,1.82,38.00,--,10.66,--,151944,10.32,3999,10.35,9437,8.37,248,8.30,150603,9.52,3963,9.51,9353,7.58,246,7.42,135321,8.83,3561,8.83,8404,6.91,221,6.76
"1975 Q4",16180614,1.83,38.00,--,12.38,--,162392,14.79,4273,14.77,10036,12.75,265,13.25,161513,13.86,4250,13.85,9983,11.85,263,12.39,146096,13.66,3845,13.69,9030,11.66,238,11.74
"1976 Q1",16256774,1.81,38.00,--,15.96,--,168299,20.48,4429,20.48,10342,18.22,272,18.26,167284,20.09,4402,20.08,10280,17.84,271,17.83,150504,20.81,3961,20.84,9249,18.55,244,19.02
"1976 Q2",16328089,1.82,38.00,--,14.28,--,177461,20.10,4670,20.11,10857,17.83,286,18.18,175767,19.56,4625,19.54,10754,17.31,283,17.43,158522,19.76,4172,19.78,9699,17.51,255,17.51
"1976 Q3",16414471,1.95,38.00,--,12.83,--,181939,19.74,4788,19.73,11073,17.34,292,17.74,180908,20.12,4761,20.14,11010,17.72,290,17.89,162590,20.15,4279,20.16,9895,17.74,260,17.65
"1976 Q4",16521945,2.11,38.00,--,14.20,--,193830,19.36,5101,19.38,11720,16.78,308,16.23,192554,19.22,5068,19.25,11642,16.62,306,16.35,173678,18.88,4569,18.83,10501,16.29,276,15.97
"1977 Q1",16615413,2.21,38.00,--,11.98,--,194251,15.42,5112,15.42,11693,13.06,308,13.24,193955,15.94,5104,15.95,11674,13.56,307,13.28,173699,15.41,4571,15.40,10455,13.04,275,12.70
"1977 Q2",16688719,2.21,38.00,--,13.97,--,209530,18.07,5514,18.07,12557,15.66,330,15.38,207494,18.05,5460,18.05,12434,15.62,327,15.55,187138,18.05,4925,18.05,11214,15.62,295,15.69
"1977 Q3",16765038,2.14,38.00,--,9.19,--,211191,16.08,5558,16.08,12599,13.78,332,13.70,210438,16.32,5538,16.32,12553,14.01,330,13.79,189316,16.44,4982,16.43,11293,14.13,297,14.23
"1977 Q4",16844369,1.95,38.00,--,10.65,--,230620,18.98,6068,18.96,13692,16.83,360,16.88,228581,18.71,6016,18.71,13573,16.59,358,16.99,206877,19.12,5444,19.15,12285,16.99,324,17.39
"1978 Q1",16916769,1.81,38.00,--,12.90,--,228856,17.81,6008,17.53,13523,15.65,355,15.26,229255,18.20,6018,17.91,13547,16.04,356,15.96,206874,19.10,5430,18.79,12225,16.93,321,16.73
"1978 Q2",16985043,1.78,38.00,--,12.35,--,248037,18.38,6510,18.06,14598,16.25,383,16.06,246073,18.59,6459,18.30,14483,16.48,380,16.21,223240,19.29,5860,18.98,13138,17.16,345,16.95
"1978 Q3",17063356,1.78,36.12,--,17.26,--,258899,22.59,7150,28.64,15168,20.39,419,26.20,259763,23.44,7174,29.54,15217,21.22,420,27.27,235406,24.35,6500,30.47,13791,22.12,381,28.28
"1978 Q4",17156731,1.85,35.68,--,11.92,--,275630,19.52,7705,26.98,16059,17.29,449,24.72,274000,19.87,7659,27.31,15964,17.62,446,24.58,248179,19.96,6938,27.44,14460,17.70,404,24.69
"1979 Q1",17238277,1.90,35.94,--,10.73,--,279605,22.18,7783,29.54,16212,19.88,451,27.04,280323,22.28,7803,29.66,16253,19.97,452,26.97,252525,22.07,7029,29.45,14641,19.76,408,27.10
"1979 Q2",17311551,1.92,36.01,--,9.93,--,300268,21.06,8341,28.13,17336,18.76,482,25.85,301012,22.33,8362,29.46,17379,20.00,483,27.11,271779,21.74,7550,28.84,15691,19.43,436,26.38
"1979 Q3",17393858,1.94,36.06,--,7.63,--,311580,20.35,8644,20.90,17904,18.04,497,18.62,311776,20.02,8649,20.56,17915,17.73,497,18.33,280451,19.14,7780,19.69,16115,16.85,447,17.32
"1979 Q4",17492224,1.96,36.03,--,7.30,--,328043,19.02,9107,18.20,18744,16.72,520,15.81,326785,19.26,9072,18.45,18672,16.96,519,16.37,293919,18.43,8160,17.61,16794,16.14,466,15.35
"1980 Q1",17578091,1.97,36.04,--,7.91,--,349937,25.15,9710,24.76,19900,22.75,552,22.39,351958,25.55,9766,25.16,20014,23.14,556,23.01,315481,24.93,8754,24.54,17940,22.53,498,22.06
"1980 Q2",17648339,1.95,36.04,--,8.39,--,373870,24.51,10374,24.37,21175,22.14,588,21.99,371374,23.38,10304,23.22,21034,21.03,584,20.91,333200,22.60,9245,22.45,18872,20.27,524,20.18
"1980 Q3",17724609,1.90,35.96,--,7.84,--,383636,23.13,10667,23.40,21635,20.84,602,21.13,385730,23.72,10726,24.01,21753,21.42,604,21.53,345369,23.15,9603,23.43,19477,20.86,542,21.25
"1980 Q4",17817939,1.86,35.96,--,8.01,--,415052,26.52,11541,26.73,23285,24.23,647,24.42,411327,25.87,11437,26.07,23075,23.58,641,23.51,369141,25.59,10264,25.78,20708,23.31,575,23.39
"1981 Q1",17901555,1.84,35.95,--,7.19,--,422804,20.82,11766,21.17,23610,18.64,657,19.02,421527,19.77,11729,20.10,23539,17.61,655,17.81,377368,19.62,10502,19.97,21073,17.46,586,17.67
"1981 Q2",17975802,1.86,36.36,--,7.06,--,451387,20.73,12419,19.71,25103,18.55,691,17.52,448662,20.81,12344,19.80,24951,18.62,686,17.47,400961,20.34,11033,19.34,22299,18.16,613,16.98
"1981 Q3",18058075,1.88,37.06,--,8.35,--,459682,19.82,12409,16.33,25448,17.62,687,14.12,457989,18.73,12363,15.26,25354,16.55,684,13.25,411986,19.29,11122,15.82,22808,17.10,616,13.65
"1981 Q4",18149379,1.86,37.80,--,5.88,--,470558,13.37,12453,7.90,25918,11.31,685,5.87,466600,13.44,12348,7.97,25700,11.38,681,6.24,422182,14.37,11173,8.86,23254,12.29,616,7.13
"1982 Q1",18227453,1.82,37.91,--,4.52,--,461774,9.22,12183,3.54,25316,7.23,668,1.67,463759,10.02,12234,4.31,25425,8.01,671,2.44,412572,9.33,10886,3.66,22620,7.34,597,1.88
"1982 Q2",18294665,1.77,38.78,--,5.20,--,488234,8.16,12592,1.39,26668,6.23,688,-0.43,484893,8.08,12506,1.31,26486,6.15,683,-0.44,433689,8.16,11186,1.39,23690,6.24,611,-0.33
"1982 Q3",18371909,1.74,39.65,--,4.72,--,489504,6.49,12348,-0.49,26625,4.63,672,-2.18,491046,7.22,12387,0.19,26709,5.34,674,-1.46,443908,7.75,11199,0.69,24145,5.86,609,-1.14
"1982 Q4",18466206,1.75,40.15,--,4.79,--,498511,5.94,12417,-0.29,26977,4.09,671,-2.04,497643,6.65,12396,0.39,26929,4.78,670,-1.62,451347,6.91,11246,0.65,24425,5.04,608,-1.30
"1983 Q1",18547823,1.76,39.97,--,4.27,--,495361,7.27,12400,1.78,26707,5.49,668,-,501156,8.06,12545,2.54,27020,6.27,676,0.75,447614,8.49,11205,2.93,24133,6.69,604,1.17
"1983 Q2",18614026,1.75,40.03,--,8.39,--,548158,12.27,13701,8.81,29449,10.43,736,6.98,543255,12.04,13578,8.57,29185,10.19,730,6.88,484249,11.66,12103,8.20,26015,9.81,650,6.38
"1983 Q3",18683238,1.69,40.12,--,11.29,--,554774,13.33,13835,12.04,29694,11.53,740,10.12,558046,13.64,13916,12.34,29869,11.83,745,10.53,499984,12.63,12469,11.34,26761,10.83,667,9.52
"1983 Q4",18754456,1.56,40.19,--,11.78,--,571153,14.57,14219,14.51,30455,12.89,759,13.11,570245,14.59,14197,14.53,30405,12.91,757,12.99,514018,13.89,12797,13.79,27409,12.22,683,12.34
"1984 Q1",18816526,1.45,40.15,--,11.89,--,562116,13.48,13996,12.87,29850,11.77,743,11.23,570801,13.90,14212,13.29,30312,12.18,755,11.69,514412,14.92,12807,14.30,27317,13.19,681,12.75
"1984 Q2",18872694,1.39,39.77,--,11.68,--,619704,13.05,15577,13.69,32810,11.41,825,12.09,620390,14.20,15593,14.84,32847,12.55,826,13.15,555029,14.62,13951,15.27,29386,12.96,738,13.54
"1984 Q3",18939896,1.37,39.21,--,9.75,--,620474,11.84,15819,14.34,32734,10.24,835,12.84,632563,13.35,16127,15.89,33372,11.73,851,14.23,572745,14.55,14602,17.11,30217,12.91,770,15.44
"1984 Q4",19023146,1.43,39.36,--,7.26,--,615946,7.84,15644,10.02,32353,6.23,821,8.17,624461,9.51,15860,11.71,32800,7.88,832,9.91,563246,9.58,14305,11.78,29585,7.94,752,10.10
"1985 Q1",19095232,1.48,39.30,--,5.67,--,598221,6.42,15223,8.77,31313,4.90,797,7.27,614068,7.58,15625,9.94,32142,6.04,818,8.34,558087,8.49,14201,10.88,29212,6.94,743,9.10
"1985 Q2",19145377,1.44,39.82,--,4.24,--,641515,3.52,16111,3.43,33492,2.08,841,1.94,647507,4.37,16261,4.28,33804,2.91,849,2.78,574140,3.44,14418,3.35,29973,2.00,752,1.90
"1985 Q3",19203545,1.39,40.31,--,3.57,--,638890,2.97,15850,0.20,33253,1.59,825,-1.20,653971,3.38,16224,0.60,34038,2.00,845,-0.71,593439,3.61,14723,0.83,30887,2.22,766,-0.52
"1985 Q4",19276757,1.33,39.99,--,5.81,--,656430,6.57,16415,4.93,34035,5.20,851,3.65,666624,6.75,16671,5.11,34564,5.38,864,3.85,600944,6.69,15028,5.05,31159,5.32,780,3.72
"1986 Q1",19336243,1.26,39.24,--,10.18,--,683623,14.28,17380,14.17,35353,12.90,899,12.80,703812,14.61,17893,14.52,36398,13.24,926,13.20,651644,16.76,16567,16.66,33700,15.36,857,15.34
"1986 Q2",19382372,1.24,38.38,--,9.55,--,734284,14.46,19086,18.47,37883,13.11,985,17.12,750256,15.87,19501,19.92,38707,14.50,1006,18.49,668993,16.52,17389,20.61,34515,15.15,897,19.28
"1986 Q3",19431510,1.19,37.47,--,12.32,--,761436,19.18,20272,27.90,39185,17.84,1043,26.42,779707,19.23,20759,27.95,40125,17.88,1068,26.39,712881,20.13,18979,28.91,36686,18.77,977,27.55
"1986 Q4",19483657,1.07,36.29,--,13.79,--,786105,19.75,21609,31.64,40347,18.55,1109,30.32,808598,21.30,22227,33.33,41501,20.07,1141,32.06,739203,23.01,20321,35.22,37938,21.76,1043,33.72
"1987 Q1",19528807,1.00,34.98,--,13.12,--,785754,14.94,22318,28.41,40216,13.76,1142,27.03,808458,14.87,22968,28.36,41377,13.68,1175,26.89,748007,14.79,21260,28.33,38283,13.60,1088,26.95
"1987 Q2",19572927,0.98,32.39,--,14.25,--,831502,13.24,25507,33.64,42461,12.08,1303,32.28,847710,12.99,26009,33.37,43288,11.84,1328,32.01,761118,13.77,23363,34.36,38865,12.60,1194,33.11
"1987 Q3",19627073,1.01,30.53,--,13.61,--,861649,13.16,28041,38.32,43879,11.98,1428,36.91,879296,12.77,28621,37.87,44777,11.59,1458,36.52,805792,13.03,26240,38.26,41033,11.85,1337,36.85
"1987 Q4",19692249,1.07,29.58,--,10.24,--,866030,10.17,29090,34.62,43956,8.94,1477,33.18,882792,9.18,29658,33.43,44807,7.97,1507,32.08,793538,7.35,26672,31.25,40276,6.16,1353,29.72
"1988 Q1",19744456,1.10,28.61,--,8.71,--,846395,7.72,29584,32.56,42840,6.52,1497,31.09,876012,8.36,30618,33.31,44339,7.16,1550,31.91,812652,8.64,28404,33.60,41130,7.44,1438,32.17
"1988 Q2",19788571,1.10,28.68,--,7.19,--,887657,6.75,30950,21.34,44829,5.58,1563,19.95,910181,7.37,31735,22.02,45966,6.19,1603,20.71,827411,8.71,28850,23.49,41785,7.51,1457,22.03
"1988 Q3",19846722,1.12,28.77,--,7.90,--,927086,7.59,32223,14.91,46683,6.39,1623,13.66,947350,7.74,32927,15.04,47702,6.53,1658,13.72,865263,7.38,30075,14.62,43567,6.18,1514,13.24
"1988 Q4",19917908,1.15,28.39,--,8.34,--,954524,10.22,33621,15.58,47892,8.95,1687,14.22,979465,10.95,34500,16.33,49143,9.68,1730,14.80,878638,10.72,30950,16.04,44083,9.45,1553,14.78
"1989 Q1",19974292,1.16,27.65,--,9.09,--,948504,12.06,34240,15.74,47474,10.82,1714,14.50,974990,11.30,35197,14.96,48801,10.06,1761,13.61,905981,11.48,32711,15.16,45345,10.25,1637,13.84
"1989 Q2",20017398,1.16,26.27,--,9.21,--,991943,11.75,37690,21.78,49542,10.51,1882,20.41,1004711,10.39,38175,20.29,50180,9.17,1907,18.96,920441,11.24,34979,21.24,45970,10.02,1747,19.90
"1989 Q3",20071532,1.13,25.74,--,8.72,--,1023628,10.41,39694,23.19,50987,9.22,1977,21.81,1052275,11.08,40805,23.93,52414,9.88,2033,22.62,968854,11.97,37577,24.94,48258,10.77,1872,23.65
"1989 Q4",20129675,1.06,25.97,--,7.94,--,1068389,11.93,41063,22.13,53062,10.80,2040,20.92,1101177,12.43,42323,22.68,54691,11.29,2102,21.50,996508,13.42,38307,23.77,49492,12.27,1903,22.54
"1990 Q1",20180709,1.03,26.18,--,7.42,--,1071403,12.96,40936,19.56,53081,11.81,2028,18.32,1103049,13.13,42144,19.74,54650,11.99,2088,18.57,1024693,13.10,39145,19.67,50766,11.96,1939,18.45
"1990 Q2",20235842,1.09,26.91,--,4.05,--,1101045,11.00,40928,8.59,54402,9.81,2022,7.44,1127850,12.26,41923,9.82,55726,11.05,2071,8.60,1005359,9.23,37365,6.82,49672,8.05,1846,5.67
"1990 Q3",20304006,1.16,27.25,--,4.16,--,1114442,8.87,40909,3.06,54879,7.63,2014,1.87,1140847,8.42,41877,2.63,56179,7.18,2062,1.43,1054946,8.89,38719,3.04,51948,7.65,1907,1.87
"1990 Q4",20372171,1.20,27.23,--,6.64,--,1187398,11.14,43619,6.22,58275,9.82,2141,4.95,1219768,10.77,44808,5.87,59863,9.46,2199,4.61,1093791,9.76,40174,4.87,53679,8.46,1971,3.57
"1991 Q1",20425383,1.21,27.19,--,7.02,--,1191557,11.21,43771,6.93,58325,9.88,2143,5.67,1229414,11.46,45161,7.16,60177,10.11,2211,5.89,1129210,10.20,41476,5.95,55273,8.88,2030,4.69
"1991 Q2",20470490,1.16,27.26,--,8.64,--,1235624,12.22,45273,10.62,60348,10.93,2211,9.35,1261320,11.83,46213,10.23,61604,10.55,2257,8.98,1122628,11.66,41129,10.07,54829,10.38,2009,8.83
"1991 Q3",20517601,1.05,26.76,--,9.21,--,1259193,12.99,46999,14.89,61358,11.81,2290,13.70,1292545,13.30,48242,15.20,62983,12.11,2351,14.02,1180355,11.89,44052,13.77,57516,10.72,2147,12.59
"1991 Q4",20574737,0.99,26.05,--,8.53,--,1331645,12.15,51057,17.05,64708,11.04,2481,15.88,1370182,12.33,52534,17.24,66581,11.22,2553,16.10,1249968,14.28,47920,19.28,60740,13.15,2328,18.11
"1992 Q1",20623560,0.97,25.21,--,10.53,--,1348266,13.15,53502,22.23,65346,12.04,2593,21.00,1380033,12.25,54763,21.26,66886,11.15,2654,20.04,1257575,11.37,49905,20.32,60950,10.27,2419,19.16
"1992 Q2",20663315,0.94,25.03,--,8.51,--,1380027,11.69,55157,21.83,66756,10.62,2668,20.67,1404101,11.32,56120,21.44,67921,10.25,2715,20.29,1249073,11.26,49924,21.38,60422,10.20,2415,20.21
"1992 Q3",20713865,0.96,25.04,--,7.94,--,1401780,11.32,56004,19.16,67644,10.24,2703,18.03,1429947,10.63,57130,18.42,69003,9.56,2757,17.27,1282464,8.65,51238,16.31,61885,7.60,2473,15.18
"1992 Q4",20772506,0.96,25.39,--,6.52,--,1479284,11.09,58284,14.15,71182,10.00,2804,13.02,1515886,10.63,59728,13.69,72943,9.56,2874,12.57,1357372,8.59,53483,11.61,65315,7.53,2573,10.52
"1993 Q1",20818583,0.95,25.78,--,6.77,--,1501810,11.39,58254,8.88,72094,10.33,2796,7.83,1536225,11.32,59587,8.81,73746,10.26,2860,7.76,1376841,9.48,53410,7.02,66096,8.44,2564,5.99
"1993 Q2",20854182,0.92,26.08,--,7.09,--,1530725,10.92,58692,6.41,73356,9.89,2812,5.40,1557835,10.95,59730,6.43,74655,9.91,2862,5.41,1384539,10.85,53091,6.34,66351,9.81,2545,5.38
"1993 Q3",20902963,0.91,26.85,--,6.58,--,1550091,10.58,57731,3.08,74112,9.56,2760,2.11,1573136,10.01,58587,2.55,75213,9.00,2801,1.60,1417453,10.53,52795,3.04,67771,9.51,2525,2.10
"1993 Q4",20963761,0.92,26.84,--,6.82,--,1617528,9.35,60266,3.40,77110,8.33,2874,2.50,1646792,8.64,61353,2.72,78505,7.63,2925,1.77,1498020,10.36,55818,4.37,71415,9.34,2659,3.34
"1994 Q1",21013346,0.94,26.44,--,5.99,--,1626595,8.31,61502,5.58,77394,7.35,2927,4.69,1657822,7.92,62682,5.19,78880,6.96,2983,4.30,1499706,8.92,56700,6.16,71357,7.96,2698,5.23
"1994 Q2",21054279,0.96,26.74,--,7.70,--,1672847,9.28,62542,6.56,79440,8.29,2970,5.62,1692016,8.61,63258,5.91,80349,7.63,3004,4.96,1494969,7.98,55888,5.27,70993,7.00,2654,4.28
"1994 Q3",21103486,0.96,26.42,--,7.00,--,1689099,8.97,63914,10.71,80025,7.98,3028,9.71,1716707,9.13,64958,10.87,81332,8.14,3078,9.89,1568332,10.64,59340,12.40,74303,9.64,2811,11.33
"1994 Q4",21153782,0.91,26.23,--,9.20,--,1790855,10.72,68255,13.26,84643,9.77,3225,12.21,1820104,10.52,69368,13.06,86027,9.58,3278,12.07,1638824,9.40,62457,11.89,77459,8.46,2952,11.02
"1995 Q1",21194599,0.86,26.24,--,7.54,--,1764105,8.45,67232,9.32,83220,7.53,3171,8.34,1797863,8.45,68521,9.32,84812,7.52,3233,8.38,1622449,8.18,61850,9.08,76538,7.26,2917,8.12
"1995 Q2",21234681,0.86,25.58,--,6.47,--,1809832,8.19,70754,13.13,85216,7.27,3331,12.15,1828266,8.05,71477,12.99,86084,7.14,3365,12.02,1600423,7.05,62585,11.98,75356,6.15,2946,11.00
"1995 Q3",21284962,0.86,26.97,--,6.97,--,1851753,9.63,68662,7.43,86984,8.70,3225,6.51,1880829,9.56,69743,7.37,88349,8.63,3276,6.43,1702938,8.58,63162,6.44,79994,7.66,2967,5.55
"1995 Q4",21334658,0.86,27.16,--,5.15,--,1965372,9.74,72365,6.02,92106,8.82,3392,5.18,1994679,9.59,73447,5.88,93480,8.66,3441,4.97,1789901,9.22,65922,5.55,83883,8.29,3090,4.67
"1996 Q1",21372055,0.84,27.43,--,5.77,--,1928580,9.32,70306,4.57,90198,8.39,3288,3.69,1970166,9.58,71822,4.82,92143,8.64,3360,3.93,1769490,9.06,64506,4.29,82759,8.13,3017,3.43
"1996 Q2",21405379,0.80,27.39,--,5.75,--,1972253,8.97,72003,1.77,92097,8.07,3362,0.93,1990165,8.86,72657,1.65,92934,7.96,3393,0.83,1761414,10.06,64306,2.75,82252,9.15,3003,1.93
"1996 Q3",21446975,0.76,27.51,--,6.20,--,2020604,9.12,73446,6.97,94173,8.26,3423,6.14,2041074,8.52,74190,6.38,95126,7.67,3457,5.53,1837385,7.90,66787,5.74,85634,7.05,3113,4.92
"1996 Q4",21497652,0.76,27.50,--,6.93,--,2109868,7.35,76718,6.02,98101,6.51,3568,5.19,2138963,7.23,77776,5.89,99453,6.39,3616,5.09,1929388,7.79,70158,6.43,89709,6.95,3262,5.57
"1997 Q1",21541042,0.79,27.51,--,5.69,--,2089355,8.34,75942,8.02,96925,7.46,3523,7.15,2121569,7.68,77104,7.35,98419,6.81,3576,6.43,1910397,7.96,69435,7.64,88623,7.09,3221,6.76
"1997 Q2",21578401,0.81,27.75,--,5.53,--,2106006,6.78,75885,5.39,97529,5.90,3514,4.52,2123006,6.67,76490,5.28,98315,5.79,3541,4.36,1893550,7.50,68227,6.10,87689,6.61,3159,5.19
"1997 Q3",21636961,0.89,28.43,--,6.18,--,2166159,7.20,76186,3.73,100043,6.23,3518,2.78,2190116,7.30,77019,3.81,101148,6.33,3556,2.86,1968370,7.13,69227,3.65,90908,6.16,3197,2.70
"1997 Q4",21708293,0.98,31.12,--,6.74,--,2343629,11.08,75302,-1.85,107883,9.97,3465,-2.89,2359209,10.30,75795,-2.55,108601,9.20,3490,-3.48,2123542,10.06,68228,-2.75,97752,8.97,3140,-3.74
"1998 Q1",21765267,1.04,33.04,--,4.73,--,2278387,9.05,68900,-9.27,104683,8.00,3166,-10.13,2305532,8.67,69715,-9.58,105930,7.63,3203,-10.43,2057180,7.68,62205,-10.41,94520,6.65,2859,-11.24
"1998 Q2",21810745,1.08,33.63,--,4.27,--,2291608,8.81,68085,-10.28,105071,7.73,3122,-11.16,2298364,8.26,68279,-10.73,105381,7.19,3130,-11.61,2033057,7.37,60398,-11.47,93217,6.30,2770,-12.31
"1998 Q3",21858492,1.02,34.54,--,4.75,--,2345962,8.30,67863,-10.92,107329,7.28,3105,-11.74,2350900,7.34,68000,-11.71,107554,6.33,3111,-12.51,2087843,6.07,60391,-12.76,95519,5.07,2763,-13.58
"1998 Q4",21905902,0.91,32.61,--,3.16,--,2450380,4.55,75078,-0.30,111863,3.69,3427,-1.10,2478620,5.06,75937,0.19,113153,4.19,3467,-0.66,2196711,3.45,67299,-1.36,100281,2.59,3071,-2.20
"1999 Q1",21947387,0.84,32.64,--,6.26,--,2408988,5.73,73765,7.06,109755,4.85,3361,6.16,2437485,5.72,74636,7.06,111054,4.84,3401,6.18,2156063,4.81,66021,6.13,98232,3.93,3008,5.21
"1999 Q2",21987037,0.81,32.71,--,7.24,--,2406800,5.03,73540,8.01,109457,4.17,3345,7.14,2417365,5.18,73861,8.18,109939,4.33,3359,7.32,2146734,5.59,65594,8.60,97630,4.73,2983,7.69
"1999 Q3",22028124,0.78,32.02,--,5.86,--,2428878,3.53,75814,11.72,110256,2.73,3442,10.85,2442501,3.90,76237,12.11,110875,3.09,3461,11.25,2158822,3.40,67385,11.58,97997,2.59,3059,10.71
"1999 Q4",22070372,0.75,31.70,--,7.53,--,2559837,4.47,80708,7.50,115979,3.68,3656,6.68,2595765,4.73,81839,7.77,117605,3.93,3708,6.95,2283560,3.95,72000,6.99,103460,3.17,3262,6.22
"2000 Q1",22113582,0.76,30.74,--,6.02,--,2493070,3.49,81139,10.00,112713,2.70,3668,9.13,2528245,3.72,82286,10.25,114303,2.93,3720,9.38,2233972,3.61,72711,10.13,101000,2.82,3287,9.28
"2000 Q2",22153653,0.76,30.68,--,6.27,--,2508527,4.23,81801,11.23,113206,3.43,3691,10.34,2535731,4.90,82691,11.95,114434,4.09,3732,11.10,2224099,3.60,72531,10.58,100371,2.81,3273,9.72
"2000 Q3",22195739,0.76,31.07,--,7.19,--,2593587,6.78,83514,10.16,116824,5.96,3762,9.30,2624397,7.45,84508,10.85,118211,6.62,3807,10.00,2318176,7.38,74650,10.78,104418,6.55,3363,9.94
"2000 Q4",22247811,0.80,32.45,--,5.78,--,2733365,6.78,84271,4.41,122831,5.91,3787,3.58,2776829,6.98,85616,4.62,124786,6.11,3846,3.72,2453208,7.43,75640,5.06,110242,6.56,3399,4.20
"2001 Q1",22292585,0.81,32.53,--,1.45,--,2524131,1.25,77571,-4.40,113222,0.45,3480,-5.13,2578808,2.00,79247,-3.69,115674,1.20,3554,-4.46,2254547,0.92,69283,-4.71,101130,0.13,3108,-5.45
"2001 Q2",22324017,0.77,33.48,--,-2.55,--,2440228,-2.72,72865,-10.92,109305,-3.45,3264,-11.57,2488385,-1.87,74299,-10.15,111462,-2.60,3328,-10.83,2151403,-3.27,64237,-11.44,96368,-3.99,2877,-12.10
"2001 Q3",22354019,0.71,34.66,--,-4.06,--,2475696,-4.55,71407,-14.50,110744,-5.20,3194,-15.10,2520051,-3.98,72682,-13.99,112729,-4.64,3252,-14.58,2189427,-5.55,63147,-15.41,97939,-6.20,2825,-16.00
"2001 Q4",22387035,0.63,34.58,--,-0.30,--,2679374,-1.98,77460,-8.08,119680,-2.57,3459,-8.66,2721369,-2.00,78670,-8.11,121554,-2.59,3513,-8.66,2384541,-2.80,68932,-8.87,106509,-3.39,3078,-9.44
"2002 Q1",22417770,0.56,35.04,--,1.82,--,2580550,2.24,73638,-5.07,115094,1.65,3284,-5.63,2646129,2.61,75510,-4.72,118018,2.03,3368,-5.23,2282058,1.22,65119,-6.01,101782,0.64,2905,-6.53
"2002 Q2",22443730,0.54,34.45,--,6.75,--,2585960,5.97,75055,3.01,115202,5.39,3344,2.45,2638272,6.02,76576,3.06,117533,5.45,3411,2.49,2289371,6.41,66447,3.44,101990,5.83,2961,2.92
"2002 Q3",22470926,0.52,33.99,--,7.02,--,2661948,7.52,78307,9.66,118444,6.95,3484,9.08,2717187,7.82,79934,9.98,120901,7.25,3557,9.38,2370171,8.26,69723,10.41,105461,7.68,3102,9.81
"2002 Q4",22502570,0.52,34.84,--,6.22,--,2802453,4.59,80429,3.83,124520,4.04,3574,3.32,2865429,5.29,82237,4.53,127318,4.74,3654,4.01,2506763,5.13,71943,4.37,111383,4.58,3196,3.83
"2003 Q1",22530466,0.50,34.71,--,5.17,--,2652671,2.79,76385,3.73,117716,2.28,3390,3.23,2764813,4.49,79618,5.44,122692,3.96,3533,4.90,2408064,5.52,69339,6.48,106862,4.99,3077,5.92
"2003 Q2",22547204,0.46,34.72,--,-1.15,--,2573103,-0.50,74072,-1.31,114101,-0.96,3285,-1.76,2655041,0.64,76435,-0.18,117734,0.17,3390,-0.62,2295890,0.28,66090,-0.54,101808,-0.18,2931,-1.01
"2003 Q3",22564109,0.41,34.25,--,5.41,--,2755213,3.50,80402,2.68,122085,3.07,3562,2.24,2806242,3.28,81896,2.45,124345,2.85,3629,2.02,2448502,3.30,71450,2.48,108494,2.88,3166,2.06
"2003 Q4",22589258,0.39,34.00,--,7.26,--,2943042,5.02,86515,7.57,130262,4.61,3829,7.13,3020061,5.40,88784,7.96,133670,4.99,3929,7.53,2680584,6.93,78799,9.53,118646,6.52,3488,9.14
"2004 Q1",22613014,0.37,33.41,--,6.93,--,2807395,5.83,84008,9.98,124126,5.45,3714,9.56,2922201,5.69,87441,9.83,129203,5.31,3866,9.43,2547698,5.80,76234,9.94,112644,5.41,3371,9.55
"2004 Q2",22630864,0.37,33.38,--,10.80,--,2824458,9.77,84594,14.21,124782,9.36,3737,13.76,2896878,9.11,86761,13.51,127982,8.70,3833,13.07,2507437,9.21,75096,13.63,110776,8.81,3318,13.20
"2004 Q3",22649796,0.38,33.98,--,7.05,--,2952300,7.15,86861,8.03,130321,6.75,3834,7.64,3032177,8.05,89210,8.93,133847,7.64,3938,8.51,2631271,7.46,77413,8.35,116150,7.06,3418,7.96
"2004 Q4",22674232,0.38,32.94,--,3.60,--,3012088,2.35,91418,5.67,132818,1.96,4032,5.30,3108392,2.92,94340,6.26,137062,2.54,4160,5.88,2710391,1.11,82259,4.39,119514,0.73,3626,3.96
"2005 Q1",22696209,0.37,31.54,--,3.76,--,2888183,2.88,91625,9.07,127234,2.50,4036,8.67,2993589,2.44,94965,8.60,131877,2.07,4183,8.20,2574765,1.06,81695,7.16,113427,0.70,3599,6.76
"2005 Q2",22712927,0.36,31.40,--,4.82,--,2876093,1.83,91648,8.34,126608,1.46,4034,7.95,2944251,1.64,93816,8.13,129608,1.27,4129,7.72,2525435,0.72,80487,7.18,111172,0.36,3543,6.78
"2005 Q3",22733699,0.37,32.32,--,5.07,--,3034571,2.79,93946,8.16,133462,2.41,4132,7.77,3058524,0.87,94683,6.13,134515,0.50,4164,5.74,2645608,0.54,81917,5.82,116356,0.18,3603,5.41
"2005 Q4",22757611,0.37,33.46,--,7.63,--,3237828,7.49,96823,5.91,142252,7.10,4254,5.51,3325417,6.98,99438,5.40,146099,6.59,4370,5.05,2910534,7.38,87049,5.82,127873,6.99,3824,5.46
"2006 Q1",22780718,0.37,32.32,--,6.05,--,3015255,4.40,93327,1.86,132330,4.01,4096,1.49,3131319,4.60,96916,2.05,137422,4.20,4253,1.67,2691558,4.54,83307,1.97,118123,4.14,3656,1.58
"2006 Q2",22802844,0.40,32.18,--,5.64,--,3020629,5.03,93900,2.46,132437,4.60,4117,2.06,3088280,4.89,95999,2.33,135402,4.47,4209,1.94,2628941,4.10,81723,1.54,115263,3.68,3583,1.13
"2006 Q3",22826840,0.41,32.78,--,7.19,--,3200487,5.47,97670,3.96,140175,5.03,4278,3.53,3246789,6.16,99079,4.64,142202,5.71,4339,4.20,2777056,4.97,84747,3.45,121629,4.53,3711,3.00
"2006 Q4",22857785,0.44,32.85,--,4.33,--,3336216,3.04,101595,4.93,145921,2.58,4443,4.44,3412139,2.61,103903,4.49,149241,2.15,4545,4.00,2946646,1.24,89731,3.08,128882,0.79,3925,2.64
"2007 Q1",22878491,0.43,32.92,--,5.64,--,3164736,4.96,96106,2.98,138268,4.49,4199,2.51,3293144,5.17,100009,3.19,143877,4.70,4369,2.73,2765549,2.75,83981,0.81,120827,2.29,3669,0.36
"2007 Q2",22891176,0.39,33.11,--,7.12,--,3194285,5.75,96447,2.71,139481,5.32,4212,2.31,3288070,6.47,99281,3.42,143575,6.04,4335,2.99,2758805,4.94,83296,1.92,120465,4.51,3637,1.51
"2007 Q3",22913604,0.38,32.91,--,7.97,--,3453398,7.90,104905,7.41,150648,7.47,4577,6.99,3482947,7.27,105804,6.79,151935,6.84,4616,6.38,2924437,5.31,88834,4.82,127573,4.89,3875,4.42
"2007 Q4",22941836,0.37,32.43,--,6.58,--,3551498,6.45,109482,7.76,154736,6.04,4769,7.34,3625197,6.24,111756,7.56,157947,5.83,4869,7.13,3091246,4.91,95291,6.20,134683,4.50,4152,5.78
"2008 Q1",22968580,0.39,31.53,--,7.66,--,3324515,5.05,105311,9.58,144721,4.67,4584,9.17,3483903,5.79,110361,10.35,151658,5.41,4805,9.98,2898400,4.80,91836,9.35,126171,4.42,3998,8.97
"2008 Q2",22986531,0.42,30.44,--,5.66,--,3314490,3.76,108753,12.76,144172,3.36,4730,12.30,3362278,2.26,110322,11.12,146249,1.86,4799,10.70,2745112,-0.50,90094,8.16,119405,-0.88,3919,7.75
"2008 Q3",23001000,0.38,31.19,--,-1.39,--,3242391,-6.11,103829,-1.03,140947,-6.44,4514,-1.38,3293118,-5.45,105454,-0.33,143151,-5.78,4584,-0.69,2710587,-7.31,86822,-2.26,117828,-7.64,3774,-2.61
"2008 Q4",23022384,0.35,32.98,--,-7.36,--,3233700,-8.95,97931,-10.55,140439,-9.24,4253,-10.82,3281613,-9.48,99383,-11.07,142518,-9.77,4315,-11.38,2743285,-11.26,83099,-12.79,119139,-11.54,3608,-13.10
"2009 Q1",23047791,0.34,33.98,--,-7.87,--,3107886,-6.52,91363,-13.24,134819,-6.84,3963,-13.55,3237491,-7.07,95179,-13.76,140442,-7.40,4129,-14.07,2621121,-9.57,77041,-16.11,113705,-9.88,3342,-16.41
"2009 Q2",23063948,0.34,33.13,--,-5.92,--,3102866,-6.38,93555,-13.97,134508,-6.70,4056,-14.25,3190889,-5.10,96216,-12.79,138323,-5.42,4171,-13.09,2588877,-5.69,78046,-13.37,112228,-6.01,3383,-13.68
"2009 Q3",23077893,0.33,32.80,--,-1.14,--,3265332,0.71,99445,-4.22,141465,0.37,4309,-4.54,3330608,1.14,101440,-3.81,144292,0.80,4395,-4.12,2724739,0.52,82968,-4.44,118046,0.19,3595,-4.74
"2009 Q4",23103107,0.35,32.32,--,8.58,--,3443361,6.48,106425,8.67,149015,6.11,4605,8.28,3562815,8.57,110123,10.81,154184,8.19,4765,10.43,2987324,8.90,92316,11.09,129280,8.51,3995,10.73
"2010 Q1",23125433,0.34,31.96,--,11.55,--,3411644,9.77,106699,16.79,147518,9.42,4613,16.40,3568584,10.23,111616,17.27,154303,9.87,4826,16.88,2985966,13.92,93381,21.21,129111,13.55,4038,20.83
"2010 Q2",23134737,0.31,31.93,--,12.02,--,3467834,11.76,108559,16.04,149886,11.43,4692,15.68,3571135,11.92,111801,16.20,154351,11.59,4832,15.85,2984031,15.26,93408,19.68,128976,14.92,4038,19.36
"2010 Q3",23142236,0.28,31.97,--,11.54,--,3604351,10.38,112692,13.32,155737,10.09,4869,13.00,3682092,10.55,115130,13.50,159095,10.26,4975,13.20,3057233,12.20,95580,15.20,132097,11.90,4130,14.88
"2010 Q4",23154107,0.22,30.74,--,6.34,--,3576516,3.87,116295,9.27,154455,3.65,5023,9.08,3654249,2.57,118832,7.91,157811,2.35,5132,7.70,3104039,3.91,100925,9.33,134050,3.69,4357,9.06
"2011 Q1",23164001,0.17,29.51,--,6.72,--,3552329,4.12,120347,12.79,153297,3.92,5194,12.59,3707684,3.90,125608,12.54,160000,3.69,5420,12.31,3181462,6.55,107780,15.42,137290,6.33,4651,15.18
"2011 Q2",23173178,0.17,28.90,--,4.16,--,3470395,0.07,120053,10.59,149702,-0.12,5179,10.38,3561678,-0.26,123207,10.20,153638,-0.46,5315,10.00,2983231,-0.03,103198,10.48,128684,-0.23,4452,10.25
"2011 Q3",23189212,0.20,29.20,--,3.28,--,3645975,1.15,124831,10.77,157167,0.92,5381,10.52,3706638,0.67,126905,10.23,159781,0.43,5470,9.95,3029506,-0.91,103722,8.52,130591,-1.14,4471,8.26
"2011 Q4",23211430,0.25,30.26,--,0.89,--,3593502,0.47,118726,2.09,154756,0.19,5112,1.77,3658307,0.11,120863,1.71,157546,-0.17,5205,1.42,3033110,-2.29,100207,-0.71,130621,-2.56,4315,-0.96
"2012 Q1",23232090,0.29,29.72,--,1.09,--,3573234,0.59,120191,-0.13,153765,0.31,5172,-0.42,3711625,0.11,124845,-0.61,159719,-0.18,5373,-0.87,3099855,-2.57,104271,-3.26,133393,-2.84,4487,-3.53
"2012 Q2",23250508,0.33,29.66,--,1.04,--,3560576,2.60,120007,-0.04,153099,2.27,5160,-0.37,3668157,2.99,123634,0.35,157724,2.66,5316,0.02,3030804,1.59,102154,-1.01,130318,1.27,4392,-1.35
"2012 Q3",23272209,0.36,29.87,--,2.18,--,3761673,3.17,125894,0.85,161594,2.82,5408,0.50,3844609,3.72,128669,1.39,165157,3.36,5528,1.06,3172800,4.73,106188,2.38,136296,4.37,4561,2.01
"2012 Q4",23299246,0.38,29.21,--,4.48,--,3782282,5.25,129444,9.03,162291,4.87,5555,8.67,3885560,6.21,132979,10.02,166722,5.82,5705,9.61,3193213,5.28,109287,9.06,137014,4.89,4690,8.69
"2013 Q1",23324264,0.40,29.55,--,1.50,--,3670889,2.73,124221,3.35,157387,2.36,5326,2.98,3805050,2.52,128757,3.13,163139,2.14,5521,2.75,3242595,4.60,109724,5.23,139023,4.22,4705,4.86
"2013 Q2",23338459,0.38,29.95,--,2.68,--,3721253,4.51,124244,3.53,159449,4.15,5324,3.18,3788027,3.27,126469,2.29,162310,2.91,5419,1.94,3181410,4.97,106216,3.98,136317,4.60,4551,3.62
"2013 Q3",23350401,0.34,29.95,--,1.95,--,3877352,3.08,129456,2.83,166054,2.76,5544,2.51,3972188,3.32,132618,3.07,170115,3.00,5679,2.73,3357032,5.81,112080,5.55,143769,5.48,4800,5.24
"2013 Q4",23365053,0.28,29.63,--,3.73,--,4001234,5.79,135036,4.32,171252,5.52,5779,4.03,4107967,5.72,138633,4.25,175820,5.46,5933,4.00,3413319,6.89,115190,5.40,146089,6.62,4929,5.10
"2014 Q1",23376556,0.22,30.36,--,4.69,--,3864177,5.27,127284,2.47,165254,5.00,5444,2.22,4028330,5.87,132686,3.05,172274,5.60,5675,2.79,3458937,6.67,113926,3.83,147923,6.40,4872,3.55
"2014 Q2",23385815,0.20,30.16,--,4.92,--,3966585,6.59,131523,5.86,169567,6.35,5623,5.62,4079787,7.70,135272,6.96,174406,7.45,5783,6.72,3469291,9.05,115025,8.29,148307,8.80,4917,8.04
"2014 Q3",23401158,0.22,30.06,--,4.90,--,4137478,6.71,137646,6.33,176757,6.45,5880,6.06,4227801,6.44,140646,6.05,180614,6.17,6008,5.79,3607436,7.46,120003,7.07,154111,7.19,5126,6.79
"2014 Q4",23422017,0.24,30.89,--,4.38,--,4289807,7.21,138879,2.85,183102,6.92,5927,2.56,4361234,6.17,141187,1.84,186149,5.87,6026,1.57,3676529,7.71,119014,3.32,156923,7.42,5081,3.08
"2015 Q1",23441520,0.28,31.59,--,4.79,--,4215980,9.10,133456,4.85,179835,8.82,5692,4.56,4414610,9.59,139738,5.31,188307,9.31,5961,5.04,3793426,9.67,120071,5.39,161809,9.39,5122,5.13
"2015 Q2",23455425,0.30,30.99,--,1.89,--,4157711,4.82,134159,2.00,177245,4.53,5719,1.71,4242403,3.99,136888,1.19,180855,3.70,5835,0.90,3589202,3.46,115806,0.68,153007,3.17,4937,0.41
"2015 Q3",23465155,0.27,32.21,--,-0.28,--,4286649,3.61,133081,-3.32,182665,3.34,5671,-3.55,4316888,2.11,134015,-4.71,183953,1.85,5711,-4.94,3654406,1.30,113444,-5.47,155723,1.05,4834,-5.70
"2015 Q4",23480411,0.25,32.85,--,-0.20,--,4394740,2.45,133778,-3.67,187150,2.21,5698,-3.86,4520840,3.66,137612,-2.53,192519,3.42,5860,-2.75,3823611,4.00,116384,-2.21,162828,3.76,4956,-2.46
"2016 Q1",23494444,0.23,33.35,--,-0.09,--,4318253,2.43,129366,-3.06,183756,2.18,5505,-3.29,4516089,2.30,135328,-3.16,192174,2.05,5759,-3.39,3826530,0.87,114657,-4.51,162832,0.63,4879,-4.74
"2016 Q2",23502588,0.20,32.44,--,1.69,--,4258596,2.43,131157,-2.24,181155,2.21,5580,-2.43,4387091,3.41,135150,-1.27,186620,3.19,5749,-1.47,3709202,3.34,114258,-1.34,157784,3.12,4860,-1.56
"2016 Q3",23513940,0.21,31.73,--,3.00,--,4393874,2.50,138351,3.96,186819,2.27,5882,3.72,4414318,2.26,139031,3.74,187688,2.03,5912,3.52,3761737,2.94,118470,4.43,159941,2.71,5037,4.20
"2016 Q4",23529667,0.21,31.78,--,3.92,--,4584545,4.32,144128,7.74,194796,4.09,6124,7.48,4688911,3.72,147448,7.15,199229,3.49,6264,6.89,4007984,4.82,126028,8.29,170297,4.59,5356,8.07
"2017 Q1",23542748,0.21,31.10,--,3.72,--,4386857,1.59,141013,9.00,186316,1.39,5990,8.81,4568865,1.17,146876,8.53,194046,0.97,6238,8.32,3902774,1.99,125463,9.42,165757,1.80,5328,9.20
"2017 Q2",23549075,0.20,30.27,--,2.79,--,4336020,1.82,143201,9.18,184107,1.63,6081,8.98,4439756,1.20,146639,8.50,188512,1.01,6226,8.30,3743287,0.92,123635,8.21,158940,0.73,5249,8.00
"2017 Q3",23554969,0.17,30.28,--,3.98,--,4577156,4.17,151115,9.23,194297,4.00,6414,9.04,4526384,2.54,149450,7.49,192143,2.37,6344,7.31,3850865,2.37,127146,7.32,163467,2.20,5397,7.15
"2017 Q4",23564347,0.15,30.12,--,4.12,--,4712354,2.79,156405,8.52,199958,2.65,6636,8.36,4924743,5.03,163466,10.86,208969,4.89,6937,10.74,4235786,5.68,140599,11.56,179735,5.54,5967,11.41
"2018 Q1",23571609,0.12,29.32,--,3.43,--,4484529,2.23,152964,8.48,190219,2.09,6488,8.31,4720521,3.32,160972,9.60,200229,3.19,6828,9.46,3986544,2.15,135958,8.37,169096,2.01,5767,8.24
"2018 Q2",23573132,0.10,29.78,--,3.43,--,4501842,3.82,151183,5.57,190941,3.71,6413,5.46,4590632,3.40,154125,5.11,194707,3.29,6537,5.00,3858764,3.08,129567,4.80,163665,2.97,5496,4.71
"2018 Q3",23575881,0.09,30.68,--,2.52,--,4621307,0.96,150642,-0.31,195985,0.87,6389,-0.39,4580952,1.21,149288,-0.11,194274,1.11,6331,-0.20,3907518,1.47,127355,0.16,165714,1.37,5401,0.07
"2018 Q4",23583210,0.08,30.86,--,2.33,--,4812361,2.12,155955,-0.29,204024,2.03,6611,-0.38,4976035,1.04,161216,-1.38,210963,0.95,6835,-1.47,4238694,0.07,137343,-2.32,179704,-0.02,5822,-2.43
"2019 Q1",23589062,0.07,30.83,--,2.08,--,4576002,2.04,148364,-3.01,193960,1.97,6289,-3.07,4789456,1.46,155273,-3.54,203007,1.39,6582,-3.60,3986320,-0.01,129240,-4.94,168966,-0.08,5478,-5.01
"2019 Q2",23590112,0.07,31.15,--,2.96,--,4629762,2.84,148565,-1.73,196231,2.77,6297,-1.81,4799658,4.55,154005,-0.08,203431,4.48,6528,-0.14,4013797,4.02,128794,-0.60,170123,3.95,5459,-0.67
"2019 Q3",23592407,0.07,31.21,--,3.41,--,4774168,3.31,152904,1.50,202331,3.24,6481,1.44,4781113,4.37,153115,2.56,202625,4.30,6489,2.50,4053951,3.75,129833,1.95,171808,3.68,5503,1.89
"2019 Q4",23598452,0.06,30.51,--,3.68,--,4994165,3.78,163620,4.91,211601,3.71,6931,4.84,5159318,3.68,169018,4.84,218599,3.62,7160,4.75,4312576,1.74,141284,2.87,182722,1.68,5985,2.80
"2020 Q1",23599807,0.05,30.15,--,3.21,--,4735466,3.48,156873,5.74,200655,3.45,6647,5.69,4936812,3.08,163562,5.34,209188,3.04,6930,5.29,4070625,2.11,134841,4.33,172484,2.08,5714,4.31
"2020 Q2",23590158,0.00,29.93,--,0.55,--,4772375,3.08,159257,7.20,202302,3.09,6751,7.21,4931618,2.75,164591,6.87,209053,2.76,6977,6.88,4090508,1.91,136496,5.98,173397,1.92,5786,5.99
"2020 Q3",23576101,-0.07,29.48,--,4.23,--,5103027,6.89,172891,13.07,216447,6.98,7333,13.15,5275514,10.34,178755,16.75,223764,10.43,7582,16.84,4506963,11.17,152689,17.60,191165,11.27,6477,17.70
"2020 Q4",23564807,-0.14,28.77,--,5.48,--,5412884,8.38,187914,14.85,229701,8.55,7974,15.05,5538089,7.34,192282,13.76,235015,7.51,8160,13.97,4669861,8.28,162112,14.74,198168,8.45,6878,14.92
"2021 Q1",23543430,-0.24,28.39,--,9.62,--,5296363,11.84,186530,18.91,225036,12.15,7925,19.23,5456839,10.53,192185,17.50,231856,10.84,8166,17.84,4561415,12.06,160640,19.13,193808,12.36,6825,19.44
"2021 Q2",23506566,-0.35,27.99,--,8.28,--,5279560,10.63,188595,18.42,224674,11.06,8025,18.87,5408947,9.68,193221,17.39,230181,10.11,8223,17.86,4583406,12.05,163721,19.95,195047,12.49,6967,20.41
"2021 Q3",23459229,-0.50,27.87,--,4.32,--,5388247,5.59,193307,11.81,229763,6.15,8242,12.40,5523845,4.71,198174,10.86,235545,5.26,8451,11.46,4723868,4.81,169465,10.99,201430,5.37,7226,11.56
"2021 Q4",23403131,-0.69,27.84,--,5.10,--,5809121,7.32,208630,11.02,248303,8.10,8919,11.85,5959252,7.60,214025,11.31,254720,8.38,9147,12.10,5048969,8.12,181322,11.85,215810,8.90,7751,12.69
"2022 Q1",23322153,-0.94,28.00,--,3.85,--,5647656,6.63,201464,8.01,241359,7.25,8611,8.66,5849012,7.19,208641,8.56,249968,7.81,8917,9.20,4935691,8.21,175996,9.56,210936,8.84,7522,10.21
"2022 Q2",23227635,-1.19,29.46,--,3.51,--,5558046,5.27,188442,-0.08,238497,6.15,8086,0.76,5741883,6.16,194669,0.75,246388,7.04,8354,1.59,4855875,5.94,164568,0.52,208370,6.83,7062,1.36
"2022 Q3",23192206,-1.14,30.40,--,4.06,--,5718537,6.13,187888,-2.80,245758,6.96,8075,-2.03,5774566,4.54,189724,-4.26,248168,5.36,8154,-3.51,4861096,2.90,159651,-5.79,208912,3.71,6862,-5.04
"2022 Q4",23231387,-0.73,31.37,--,-0.43,--,5896191,1.50,187735,-10.02,252965,1.88,8055,-9.69,6150551,3.21,195829,-8.50,263882,3.60,8403,-8.13,5049587,0.01,160713,-11.37,216648,0.39,6896,-11.03
"2023 Q1",23298785,-0.10,30.40,--,-3.58,--,5484505,-2.89,180535,-10.39,235631,-2.37,7756,-9.93,5806794,-0.72,191099,-8.41,249472,-0.20,8209,-7.94,4763620,-3.49,156758,-10.93,204654,-2.98,6735,-10.46
"2023 Q2",23353106,0.54,30.71,--,1.42,--,5711773,2.77,186119,-1.23,244824,2.65,7977,-1.35,5905756,2.85,192394,-1.17,253134,2.74,8246,-1.29,4871196,0.32,158680,-3.58,208789,0.20,6801,-3.70
"2023 Q3",23388792,0.85,31.69,--,1.56,--,6021960,5.31,190157,1.21,257726,4.87,8138,0.78,6042069,4.63,190748,0.54,258581,4.20,8163,0.11,5000145,2.86,157844,-1.13,213989,2.43,6755,-1.56
"2023 Q4",23412371,0.78,31.84,--,4.74,--,6380110,8.21,200517,6.81,272778,7.83,8573,6.43,6630655,7.81,208342,6.39,283484,7.43,8908,6.01,5363563,6.22,168519,4.86,229310,5.84,7204,4.47
"2024 Q1",23418409,0.51,31.45,--,7.16,--,6145244,12.05,195430,8.25,262415,11.37,8345,7.59,6442820,10.95,204881,7.21,275122,10.28,8749,6.58,5261797,10.46,167350,6.76,224689,9.79,7146,6.10
"2024 Q2",23414637,0.26,32.35,--,5.33,--,6277605,9.91,194086,4.28,268110,9.51,8289,3.91,6515006,10.32,201413,4.69,278249,9.92,8602,4.32,5521013,13.34,170709,7.58,235796,12.94,7291,7.20
"2024 Q3",23408519,0.08,32.30,--,4.66,--,6476525,7.55,200546,5.46,276678,7.35,8567,5.27,6546156,8.34,202689,6.26,279652,8.15,8659,6.08,5548488,10.97,171824,8.86,237032,10.77,7340,8.66
"2024 Q4",23402179,-0.04,32.34,--,4.13,--,6837714,7.17,211467,5.46,292187,7.12,9037,5.41,7205009,8.66,222814,6.95,307883,8.61,9521,6.88,5984422,11.58,185094,9.84,255725,11.52,7910,9.80
"2025 Q1",23387481,-0.13,32.89,--,5.54,--,6683980,8.77,203222,3.99,285793,8.91,8689,4.12,6909539,7.24,210080,2.54,295438,7.38,8983,2.67,5610598,6.63,170587,1.93,239897,6.77,7294,2.07
"2025 Q2",23360742,-0.23,30.85,--,7.71,--,6844826,9.04,221874,14.32,293006,9.29,9498,14.59,7038821,8.04,228163,13.28,301310,8.29,9767,13.54,6017201,8.99,195047,14.26,257577,9.24,8349,14.51
"2025 Q3",23331886,-0.33,29.96,--,8.42,--,7125410,10.02,237831,18.59,305394,10.38,10193,18.98,7200559,10.00,240339,18.58,308615,10.36,10301,18.96,6026203,8.61,201142,17.06,258282,8.97,8621,17.45
"2025 Q4",23308082,-0.40,31.06,--,12.65,--,8044199,17.64,258989,22.47,345125,18.12,11112,22.96,8349846,15.89,268830,20.65,358238,16.36,11534,21.14,6874465,14.87,221329,19.58,294939,15.33,9496,20.05


"FootnoteˇG"
"1.2025 preliminary"
"2.2025Q3 revised, 2025Q4 preliminary"
""
