"Date","Price","Open","High","Low","Vol.","Change %"
"04/01/2026","71.72","71.55","72.54","71.47","8.10M","1.13%"
"03/31/2026","70.92","68.41","70.98","68.40","10.70M","2.84%"
"03/30/2026","68.96","70.39","70.42","68.47","7.00M","-0.76%"
"03/27/2026","69.49","70.04","70.30","69.23","4.81M","-0.87%"
"03/26/2026","70.10","71.40","71.70","70.01","5.00M","-3.16%"
"03/25/2026","72.39","72.20","72.73","71.65","7.07M","2.33%"
"03/24/2026","70.74","70.00","71.19","69.90","7.03M","-1.97%"
"03/23/2026","72.16","71.45","72.62","70.93","10.25M","3.47%"
"03/20/2026","69.74","71.34","71.37","69.40","6.60M","-3.33%"
"03/19/2026","72.14","70.53","72.59","70.22","6.25M","1.12%"
"03/18/2026","71.34","72.62","72.73","71.32","4.42M","-2.27%"
"03/17/2026","73.00","73.14","73.40","72.68","5.35M","1.35%"
"03/16/2026","72.03","71.55","72.35","71.51","6.25M","2.91%"
"03/13/2026","69.99","71.26","72.00","69.68","7.04M","0.33%"
"03/12/2026","69.76","71.45","71.62","69.60","8.82M","-2.99%"
"03/11/2026","71.91","71.59","72.38","71.42","6.50M","2.09%"
"03/10/2026","70.44","70.50","71.77","69.95","8.59M","-0.45%"
"03/09/2026","70.76","68.68","71.26","67.99","11.20M","1.78%"
"03/06/2026","69.52","69.90","70.41","69.19","9.02M","-1.25%"
"03/05/2026","70.40","70.58","71.43","69.34","10.07M","-1.70%"
"03/04/2026","71.62","71.11","71.85","70.65","8.75M","0.46%"
"03/03/2026","71.29","71.03","71.93","69.44","21.66M","-5.04%"
"03/02/2026","75.07","74.16","75.58","74.13","10.91M","-0.79%"
"02/27/2026","75.67","74.94","75.80","74.81","5.91M","-0.62%"
"02/26/2026","76.14","77.25","77.25","75.43","7.85M","-1.19%"
"02/25/2026","77.06","77.01","77.22","76.62","6.29M","1.76%"
"02/24/2026","75.73","75.00","76.13","74.79","8.22M","3.48%"
"02/23/2026","73.18","73.53","73.74","72.68","3.75M","-1.61%"
"02/20/2026","74.38","72.55","74.50","72.53","4.81M","2.35%"
"02/19/2026","72.67","72.38","72.70","72.11","2.57M","-0.42%"
"02/18/2026","72.98","72.82","73.58","72.60","3.37M","0.12%"
"02/17/2026","72.89","71.80","73.01","71.36","5.04M","-0.22%"
"02/13/2026","73.05","72.52","73.17","71.82","5.55M","0.68%"
"02/12/2026","72.56","73.88","73.88","72.25","6.98M","-1.08%"
"02/11/2026","73.35","72.86","73.46","72.41","6.24M","2.67%"
"02/10/2026","71.44","71.59","71.75","71.20","3.13M","0.96%"
"02/09/2026","70.76","69.91","70.99","69.79","3.55M","1.01%"
"02/06/2026","70.05","69.00","70.09","68.87","5.79M","3.23%"
"02/05/2026","67.86","67.49","68.53","67.27","6.53M","-0.43%"
"02/04/2026","68.15","69.56","69.65","67.87","8.70M","-0.99%"
"02/03/2026","68.83","69.37","69.51","68.01","4.65M","-0.16%"
"02/02/2026","68.94","68.25","69.13","68.25","4.02M","1.29%"
"01/30/2026","68.06","68.85","69.08","67.71","6.75M","-2.53%"
"01/29/2026","69.83","70.26","70.27","68.69","4.49M","-1.91%"
"01/28/2026","71.19","71.42","71.56","70.84","4.77M","-0.18%"
"01/27/2026","71.32","70.64","71.39","70.31","7.79M","1.97%"
"01/26/2026","69.94","69.81","70.16","69.58","8.63M","0.33%"
"01/23/2026","69.71","68.69","69.78","68.59","14.32M","2.14%"
"01/22/2026","68.25","68.33","68.57","68.11","4.85M","1.19%"
"01/21/2026","67.45","67.25","67.92","67.07","4.97M","1.37%"
"01/20/2026","66.54","66.86","67.24","66.49","6.28M","-1.19%"
"01/16/2026","67.34","67.58","67.72","67.20","2.50M","0.07%"
"01/15/2026","67.29","67.53","67.69","67.20","6.59M","1.17%"
"01/14/2026","66.51","66.49","66.55","66.10","4.03M","0.62%"
"01/13/2026","66.10","66.25","66.45","65.93","4.13M","-0.78%"
"01/12/2026","66.62","65.76","66.68","65.72","3.69M","1.06%"
"01/09/2026","65.92","65.32","66.03","65.26","3.56M","0.73%"
"01/08/2026","65.44","65.50","65.54","65.07","7.02M","-0.23%"
"01/07/2026","65.59","65.81","65.88","65.51","3.04M","-0.36%"
"01/06/2026","65.83","65.71","66.00","65.66","3.83M","0.81%"
"01/05/2026","65.30","65.28","65.57","64.95","5.19M","0.82%"
"01/02/2026","64.77","64.37","64.78","64.19","2.80M","1.95%"
"12/31/2025","63.53","63.77","63.85","63.49","1.77M","-0.28%"
"12/30/2025","63.71","63.66","63.86","63.56","2.23M","0.60%"
"12/29/2025","63.33","63.30","63.38","63.16","1.85M","0.49%"
"12/26/2025","63.02","62.84","63.04","62.62","738.77K","0.78%"
"12/25/2025","62.53","62.74","62.53","62.53","1.16M","0.00%"
"12/24/2025","62.53","62.74","62.74","62.43","1.16M","0.05%"
"12/23/2025","62.50","62.17","62.55","61.97","2.43M","0.84%"
"12/22/2025","61.98","62.14","62.15","61.85","3.10M","0.55%"
"12/19/2025","61.64","61.34","61.86","61.34","2.69M","1.26%"
"12/18/2025","60.87","61.05","61.19","60.75","3.21M","1.40%"
"12/17/2025","60.03","61.28","61.35","59.96","5.04M","-1.78%"
"12/16/2025","61.12","61.11","61.37","60.90","5.27M","-4.66%"
"12/15/2025","64.11","65.03","65.05","64.11","3.61M","0.02%"
"12/12/2025","64.10","65.46","65.48","64.10","5.73M","-2.76%"
"12/11/2025","65.92","65.82","65.99","65.45","6.82M","-1.32%"
"12/10/2025","66.80","66.04","66.89","65.89","3.75M","1.64%"
"12/09/2025","65.72","65.53","65.79","65.40","2.57M","0.23%"
"12/08/2025","65.57","65.76","65.79","65.31","1.58M","0.34%"
"12/05/2025","65.35","65.36","65.75","65.25","2.58M","1.30%"
"12/04/2025","64.51","64.82","64.82","64.34","1.86M","-0.52%"
"12/03/2025","64.85","64.35","64.86","64.28","3.28M","0.34%"
"12/02/2025","64.63","64.50","64.77","64.27","2.01M","0.78%"
"12/01/2025","64.13","63.92","64.50","63.89","4.38M","-0.59%"
"11/28/2025","64.51","64.37","64.54","64.12","4.23M","1.34%"
"11/26/2025","63.66","63.52","63.81","63.12","3.36M","1.37%"
"11/25/2025","62.80","62.26","62.81","61.61","2.70M","0.46%"
"11/24/2025","62.51","61.71","62.56","61.67","5.07M","1.15%"
"11/21/2025","61.80","61.12","62.15","60.67","12.09M","0.19%"
"11/20/2025","61.68","63.66","63.67","61.61","6.44M","-1.31%"
"11/19/2025","62.50","62.27","62.89","62.14","3.24M","-0.27%"
"11/18/2025","62.67","62.49","63.01","62.18","5.83M","-0.78%"
"11/17/2025","63.16","63.44","63.99","62.88","3.85M","-3.08%"
"11/14/2025","65.17","64.37","65.53","64.25","6.17M","1.84%"
"11/13/2025","63.99","64.97","64.99","63.92","4.53M","-2.17%"
"11/12/2025","65.41","65.50","65.50","65.15","4.53M","0.03%"
"11/11/2025","65.39","65.19","65.53","65.00","3.14M","-0.55%"
"11/10/2025","65.75","65.42","65.82","65.04","2.64M","1.76%"
"11/07/2025","64.61","64.42","64.63","63.63","3.04M","-0.51%"
"11/06/2025","64.94","65.90","65.96","64.83","3.44M","-1.65%"
"11/05/2025","66.03","65.51","66.29","65.51","1.50M","0.92%"
"11/04/2025","65.43","65.94","66.32","65.41","2.79M","-2.20%"
"11/03/2025","66.90","66.68","67.06","66.45","1.79M","0.38%"
"10/31/2025","66.65","66.93","66.96","66.31","2.24M","0.17%"
"10/30/2025","66.54","66.72","66.94","66.50","3.12M","-0.88%"
"10/29/2025","67.13","67.47","67.58","66.77","4.09M","0.06%"
"10/28/2025","67.09","66.65","67.21","66.56","3.26M","0.16%"
"10/27/2025","66.98","66.68","66.99","66.52","3.54M","0.75%"
"10/24/2025","66.48","66.42","66.64","66.26","2.99M","1.17%"
"10/23/2025","65.71","65.25","65.85","65.23","2.23M","1.05%"
"10/22/2025","65.03","65.56","65.76","64.75","3.85M","-1.14%"
"10/21/2025","65.78","66.18","66.18","65.77","3.14M","-0.59%"
"10/20/2025","66.17","65.92","66.43","65.92","2.24M","1.66%"
"10/17/2025","65.09","64.78","65.24","64.55","3.91M","-0.12%"
"10/16/2025","65.17","65.55","65.78","64.94","3.62M","0.28%"
"10/15/2025","64.99","65.04","65.29","64.41","5.13M","2.03%"
"10/14/2025","63.70","63.16","64.11","62.83","6.20M","-1.33%"
"10/13/2025","64.56","64.27","64.70","63.88","5.37M","4.77%"
"10/10/2025","61.62","64.93","64.95","61.60","6.76M","-4.95%"
"10/09/2025","64.83","65.46","65.46","64.66","2.59M","-1.25%"
"10/08/2025","65.65","65.09","65.69","65.05","2.36M","1.30%"
"10/07/2025","64.81","65.67","65.67","64.76","4.92M","-0.34%"
"10/06/2025","65.03","64.81","65.21","64.76","2.06M","0.60%"
"10/03/2025","64.64","64.75","64.87","64.37","2.79M","1.00%"
"10/02/2025","64.00","64.42","64.42","63.81","2.31M","-0.22%"
"10/01/2025","64.14","63.59","64.20","63.47","3.43M","0.82%"
"09/30/2025","63.62","63.24","63.72","63.20","2.96M","0.86%"
"09/29/2025","63.08","63.20","63.52","62.99","3.29M","0.54%"
"09/26/2025","62.74","62.49","62.76","62.24","2.71M","-0.51%"
"09/25/2025","63.06","62.82","63.24","62.56","3.44M","-0.80%"
"09/24/2025","63.57","63.70","63.74","63.27","2.99M","-1.12%"
"09/23/2025","64.29","64.59","64.67","64.08","3.47M","0.42%"
"09/22/2025","64.02","63.56","64.13","63.44","2.01M","1.01%"
"09/19/2025","63.38","63.47","63.47","63.21","2.52M","-0.61%"
"09/18/2025","63.77","63.46","63.89","63.21","4.07M","0.89%"
"09/17/2025","63.21","63.38","63.86","62.74","4.83M","-0.17%"
"09/16/2025","63.32","63.44","63.46","63.12","2.52M","0.48%"
"09/15/2025","63.02","62.86","63.03","62.79","2.74M","0.30%"
"09/12/2025","62.83","62.60","62.94","62.55","1.73M","0.14%"
"09/11/2025","62.74","62.51","62.90","62.49","4.49M","0.29%"
"09/10/2025","62.56","62.43","62.95","62.40","3.24M","1.53%"
"09/09/2025","61.62","61.31","61.71","61.27","2.77M","1.05%"
"09/08/2025","60.98","60.66","60.99","60.60","2.80M","1.28%"
"09/05/2025","60.21","60.23","60.43","59.72","2.73M","1.53%"
"09/04/2025","59.30","58.97","59.32","58.79","901.04K","0.97%"
"09/03/2025","58.73","58.83","59.00","58.56","2.12M","1.17%"
"09/02/2025","58.05","57.63","58.08","57.56","2.50M","-1.31%"
"08/29/2025","58.82","59.18","59.18","58.62","4.16M","-1.80%"
"08/28/2025","59.90","59.69","59.94","59.57","2.02M","0.22%"
"08/27/2025","59.77","59.37","59.79","59.26","1.97M","0.45%"
"08/26/2025","59.50","59.40","59.58","59.35","2.80M","0.40%"
"08/25/2025","59.26","59.45","59.67","59.26","2.71M","-0.67%"
"08/22/2025","59.66","58.81","59.77","58.60","2.44M","1.86%"
"08/21/2025","58.57","58.56","58.77","58.45","2.14M","-0.36%"
"08/20/2025","58.78","58.89","58.89","58.25","3.65M","-2.18%"
"08/19/2025","60.09","60.52","60.56","60.05","2.60M","-1.56%"
"08/18/2025","61.04","61.02","61.15","60.84","741.63K","1.03%"
"08/15/2025","60.42","60.74","60.74","60.31","1.67M","-0.38%"
"08/14/2025","60.65","60.42","60.80","60.41","1.80M","-0.62%"
"08/13/2025","61.03","61.20","61.35","60.90","2.11M","-0.10%"
"08/12/2025","61.09","60.72","61.12","60.58","2.15M","1.34%"
"08/11/2025","60.28","60.44","60.63","60.22","1.40M","-0.02%"
"08/08/2025","60.29","60.22","60.33","60.08","2.09M","-0.12%"
"08/07/2025","60.36","60.57","60.81","60.10","4.15M","2.06%"
"08/06/2025","59.14","58.73","59.26","58.59","4.04M","0.37%"
"08/05/2025","58.92","59.30","59.30","58.83","3.56M","0.14%"
"08/04/2025","58.84","58.90","58.96","58.70","1.98M","0.77%"
"08/01/2025","58.39","58.81","58.82","58.09","4.50M","0.05%"
"07/31/2025","58.36","59.04","59.04","58.27","3.35M","0.02%"
"07/30/2025","58.35","58.66","58.82","58.19","3.94M","-0.46%"
"07/29/2025","58.62","58.51","58.75","58.40","3.91M","-0.75%"
"07/28/2025","59.06","59.11","59.15","58.94","2.20M","-0.62%"
"07/25/2025","59.43","59.23","59.44","59.08","1.86M","0.07%"
"07/24/2025","59.39","59.55","59.64","59.33","3.74M","-0.69%"
"07/23/2025","59.80","59.64","59.80","59.21","2.26M","1.84%"
"07/22/2025","58.72","58.65","58.79","58.26","2.35M","-1.08%"
"07/21/2025","59.36","59.27","59.71","59.25","2.09M","0.20%"
"07/18/2025","59.24","59.62","59.62","59.19","3.36M","-0.40%"
"07/17/2025","59.48","59.38","59.60","59.19","5.89M","0.85%"
"07/16/2025","58.98","58.65","59.02","58.37","3.73M","1.22%"
"07/15/2025","58.27","58.70","58.70","58.21","3.54M","0.80%"
"07/14/2025","57.81","57.74","57.94","57.67","4.46M","-0.84%"
"07/11/2025","58.30","58.62","58.62","58.26","3.60M","-0.14%"
"07/10/2025","58.38","58.54","58.59","58.05","2.61M","0.60%"
"07/09/2025","58.03","58.21","58.29","57.82","2.22M","0.64%"
"07/08/2025","57.66","57.68","57.69","57.42","2.03M","0.05%"
"07/07/2025","57.63","57.97","58.14","57.46","4.09M","-3.05%"
"07/03/2025","59.44","59.25","59.62","59.12","2.19M","1.17%"
"07/02/2025","58.75","57.88","58.75","57.88","4.29M","2.03%"
"07/01/2025","57.58","57.81","57.94","57.40","4.53M","0.31%"
"06/30/2025","57.40","57.17","57.44","57.03","3.16M","-0.78%"
"06/27/2025","57.85","57.70","57.99","57.52","4.13M","0.00%"
"06/26/2025","57.85","57.68","57.96","57.46","2.71M","0.94%"
"06/25/2025","57.31","57.24","57.37","57.08","2.32M","0.86%"
"06/24/2025","56.82","56.24","56.85","56.16","3.71M","2.97%"
"06/23/2025","55.18","54.46","55.21","54.31","3.17M","0.62%"
"06/20/2025","54.84","55.75","55.75","54.78","4.28M","-2.12%"
"06/18/2025","56.03","55.95","56.27","55.80","3.19M","0.68%"
"06/17/2025","55.65","56.03","56.17","55.46","4.01M","-1.43%"
"06/16/2025","56.46","56.42","56.83","56.34","3.55M","1.09%"
"06/13/2025","55.85","55.60","56.22","55.55","3.34M","-1.57%"
"06/12/2025","56.74","56.53","56.94","56.53","4.95M","1.63%"
"06/11/2025","55.83","56.00","56.12","55.69","4.93M","0.05%"
"06/10/2025","55.80","55.29","55.82","55.13","9.57M","1.99%"
"06/09/2025","54.71","54.33","54.81","54.24","10.13M","1.11%"
"06/06/2025","54.11","54.00","54.14","53.90","2.02M","0.69%"
"06/05/2025","53.74","54.20","54.24","53.57","3.94M","-0.41%"
"06/04/2025","53.96","53.99","54.03","53.63","3.56M","1.52%"
"06/03/2025","53.15","52.86","53.24","52.81","2.52M","0.59%"
"06/02/2025","52.84","52.25","52.84","52.22","2.99M","0.88%"
"05/30/2025","52.38","52.53","52.54","51.87","3.36M","-0.93%"
"05/29/2025","52.87","53.25","53.33","52.54","4.16M","-0.73%"
"05/28/2025","53.26","53.42","53.45","53.19","2.65M","-0.60%"
"05/27/2025","53.58","53.44","53.69","53.24","3.90M","0.11%"
"05/23/2025","53.52","53.16","53.65","53.02","4.51M","-0.34%"
"05/22/2025","53.70","53.49","53.91","53.44","3.54M","-0.04%"
"05/21/2025","53.72","54.25","54.42","53.60","3.43M","0.45%"
"05/20/2025","53.48","53.29","53.52","53.23","4.08M","-0.63%"
"05/19/2025","53.82","53.14","53.85","53.14","2.88M","-0.35%"
"05/16/2025","54.01","54.12","54.12","53.78","2.36M","0.04%"
"05/15/2025","53.99","53.95","54.03","53.60","2.43M","0.41%"
"05/14/2025","53.77","53.98","53.98","53.52","4.08M","0.92%"
"05/13/2025","53.28","52.61","53.60","52.54","5.30M","0.62%"
"05/12/2025","52.95","52.75","53.04","52.50","3.70M","2.32%"
"05/09/2025","51.75","51.91","52.05","51.67","3.27M","1.15%"
"05/08/2025","51.16","51.10","51.56","50.85","2.67M","0.31%"
"05/07/2025","51.00","50.91","51.34","50.44","3.92M","-1.09%"
"05/06/2025","51.56","51.40","51.93","51.27","3.63M","-2.64%"
"05/05/2025","52.96","53.19","53.51","52.94","6.05M","3.95%"
"05/02/2025","50.95","51.20","51.25","50.74","5.65M","6.55%"
"05/01/2025","47.82","48.27","48.27","47.81","2.41M","0.72%"
"04/30/2025","47.48","47.01","47.60","46.75","2.90M","0.70%"
"04/29/2025","47.15","47.05","47.24","46.87","2.23M","1.46%"
"04/28/2025","46.47","46.46","46.52","46.06","794.02K","0.28%"
"04/25/2025","46.34","46.15","46.38","45.86","2.34M","0.35%"
"04/24/2025","46.18","45.40","46.26","45.27","3.29M","1.49%"
"04/23/2025","45.50","45.90","46.00","45.34","4.00M","2.64%"
"04/22/2025","44.33","43.92","44.75","43.92","3.07M","0.25%"
"04/21/2025","44.22","44.66","44.81","43.92","2.42M","-1.47%"
"04/17/2025","44.88","45.37","45.37","44.84","2.25M","-0.24%"
"04/16/2025","44.99","45.10","45.59","44.62","3.96M","-2.30%"
"04/15/2025","46.05","46.13","46.42","46.02","4.06M","0.61%"
"04/14/2025","45.77","45.73","46.06","45.48","3.89M","0.33%"
"04/11/2025","45.62","45.19","45.81","44.74","9.44M","5.31%"
"04/10/2025","43.32","44.03","44.35","42.16","3.40M","-3.28%"
"04/09/2025","44.79","39.67","45.48","39.44","7.23M","9.38%"
"04/08/2025","40.95","43.16","43.16","40.31","6.27M","-2.57%"
"04/07/2025","42.03","40.50","43.70","40.49","7.81M","-4.08%"
"04/04/2025","43.82","44.79","44.89","43.44","5.09M","-4.84%"
"04/03/2025","46.05","46.78","46.86","46.03","3.68M","-5.01%"
"04/02/2025","48.48","47.88","48.72","47.88","1.84M","0.58%"
"04/01/2025","48.20","47.58","48.24","47.42","4.98M","1.52%"
"03/31/2025","47.48","46.81","47.58","46.67","3.74M","-0.71%"
"03/28/2025","47.82","48.67","48.78","47.67","3.12M","-2.80%"
"03/27/2025","49.20","49.29","49.53","49.09","4.46M","-0.63%"
"03/26/2025","49.51","50.13","50.20","49.38","6.24M","-1.88%"
"03/25/2025","50.46","50.46","50.49","50.29","1.78M","0.16%"
"03/24/2025","50.38","50.11","50.48","50.11","2.25M","0.32%"
"03/21/2025","50.22","49.87","50.23","49.72","3.22M","-0.12%"
"03/20/2025","50.28","49.95","50.41","49.92","2.38M","0.28%"
"03/19/2025","50.14","50.06","50.46","49.86","2.18M","-0.12%"
"03/18/2025","50.20","50.43","50.49","50.08","1.90M","-1.01%"
"03/17/2025","50.71","50.28","50.88","50.28","2.39M","0.88%"
"03/14/2025","50.27","49.86","50.30","49.83","3.50M","1.29%"
"03/13/2025","49.63","49.69","49.85","49.38","1.82M","-2.05%"
"03/12/2025","50.67","50.67","50.79","50.26","3.01M","1.38%"
"03/11/2025","49.98","49.95","50.33","49.58","2.40M","0.18%"
"03/10/2025","49.89","50.38","50.63","49.40","2.76M","-2.62%"
"03/07/2025","51.23","50.99","51.36","50.50","2.95M","0.87%"
"03/06/2025","50.79","51.20","51.50","50.74","3.08M","-2.46%"
"03/05/2025","52.07","51.71","52.20","51.47","4.66M","2.02%"
"03/04/2025","51.04","50.83","51.69","50.52","4.42M","1.57%"
"03/03/2025","50.25","51.32","51.40","49.96","4.71M","-1.10%"
"02/28/2025","50.81","50.62","50.97","50.21","5.88M","-0.04%"
"02/27/2025","50.83","52.55","52.55","50.81","3.65M","-4.24%"
"02/26/2025","53.08","52.94","53.49","52.84","2.05M","1.36%"
"02/25/2025","52.37","52.68","52.78","52.17","1.73M","-0.38%"
"02/24/2025","52.57","53.09","53.22","52.56","3.25M","-0.72%"
"02/21/2025","52.95","53.51","53.67","52.78","2.18M","-0.41%"
"02/20/2025","53.17","53.25","53.31","52.96","1.51M","0.11%"
"02/19/2025","53.11","53.07","53.19","52.95","879.85K","-0.11%"
"02/18/2025","53.17","53.32","53.43","53.02","4.56M","0.80%"
"02/14/2025","52.75","52.47","52.82","52.40","1.80M","-0.23%"
"02/13/2025","52.87","52.43","52.90","52.27","4.79M","0.99%"
"02/12/2025","52.35","52.04","52.54","51.83","1.40M","-0.32%"
"02/11/2025","52.52","52.14","52.58","52.14","2.18M","0.00%"
"02/10/2025","52.52","52.36","52.52","52.31","1.25M","0.98%"
"02/07/2025","52.01","52.64","52.82","51.99","2.35M","-0.48%"
"02/06/2025","52.26","52.13","52.30","52.01","1.37M","0.25%"
"02/05/2025","52.13","51.87","52.31","51.82","2.05M","0.71%"
"02/04/2025","51.76","51.34","51.78","51.22","2.92M","1.47%"
"02/03/2025","51.01","50.68","51.37","50.48","3.24M","-0.86%"
"01/31/2025","51.45","52.06","52.44","51.40","5.56M","-0.43%"
"01/30/2025","51.67","51.58","51.85","51.39","1.88M","1.16%"
"01/29/2025","51.08","51.30","51.34","50.75","3.89M","-0.20%"
"01/28/2025","51.18","50.49","51.24","50.17","2.17M","1.49%"
"01/27/2025","50.43","50.66","51.32","50.09","9.21M","-5.61%"
"01/24/2025","53.43","53.93","53.93","53.38","1.87M","-0.30%"
"01/23/2025","53.59","53.27","53.61","52.97","1.30M","0.45%"
"01/22/2025","53.35","53.44","53.54","53.22","2.35M","0.45%"
"01/21/2025","53.11","52.82","53.32","52.69","4.17M","2.08%"
"01/17/2025","52.03","52.17","52.42","51.94","2.37M","0.10%"
"01/16/2025","51.98","52.28","52.34","51.87","4.08M","0.87%"
"01/15/2025","51.53","51.31","51.59","51.18","3.09M","1.08%"
"01/14/2025","50.98","51.06","51.10","50.56","8.24M","1.41%"
"01/13/2025","50.27","49.80","50.28","49.80","3.09M","-1.70%"
"01/10/2025","51.14","51.44","51.44","50.91","3.08M","-2.57%"
"01/08/2025","52.49","52.69","52.69","52.31","3.31M","-1.13%"
"01/07/2025","53.09","54.19","54.19","53.07","4.53M","-1.36%"
"01/06/2025","53.82","53.71","53.97","53.56","4.84M","3.04%"
"01/03/2025","52.23","51.83","52.25","51.77","1.43M","1.73%"
"01/02/2025","51.34","51.49","51.77","51.10","2.15M","-0.81%"
"12/31/2024","51.76","52.17","52.20","51.70","1.03M","-0.40%"
"12/30/2024","51.97","51.92","52.17","51.67","1.02M","-1.10%"
"12/27/2024","52.55","52.50","52.59","52.09","1.93M","-0.15%"
"12/26/2024","52.63","52.57","52.84","52.47","1.16M","-0.90%"
"12/24/2024","53.11","52.88","53.13","52.80","503.68K","-0.15%"
"12/23/2024","53.19","52.72","53.26","52.60","2.03M","1.86%"
"12/20/2024","52.22","51.67","52.51","51.58","2.90M","0.71%"
"12/19/2024","51.85","52.22","52.23","51.85","2.44M","0.82%"
"12/18/2024","51.43","53.09","53.28","51.31","4.29M","-2.15%"
"12/17/2024","52.56","52.72","52.72","52.27","1.87M","-3.49%"
"12/16/2024","54.46","54.44","54.63","54.22","3.07M","-0.35%"
"12/13/2024","54.65","54.70","54.91","54.41","1.06M","1.09%"
"12/12/2024","54.06","54.18","54.32","54.02","2.00M","-0.70%"
"12/11/2024","54.44","54.34","54.52","54.19","1.52M","0.95%"
"12/10/2024","53.93","54.59","54.67","53.88","3.86M","-1.78%"
"12/09/2024","54.91","55.33","55.57","54.89","1.38M","0.11%"
"12/06/2024","54.85","55.10","55.10","54.77","1.44M","-0.47%"
"12/05/2024","55.11","54.95","55.35","54.95","1.56M","0.18%"
"12/04/2024","55.01","54.96","55.15","54.68","2.61M","1.12%"
"12/03/2024","54.40","53.93","54.40","53.63","2.55M","0.39%"
"12/02/2024","54.19","53.92","54.27","53.92","3.93M","1.96%"
"11/29/2024","53.15","52.39","53.28","52.39","1.40M","0.87%"
"11/27/2024","52.69","53.01","53.09","52.18","2.10M","-1.55%"
"11/26/2024","53.52","53.86","54.00","53.44","1.41M","-1.00%"
"11/25/2024","54.06","54.50","54.50","53.83","2.63M","-0.33%"
"11/22/2024","54.24","54.25","54.34","54.07","1.08M","0.93%"
"11/21/2024","53.74","53.58","53.83","53.26","1.83M","0.17%"
"11/20/2024","53.65","53.69","53.71","53.05","1.80M","-1.03%"
"11/19/2024","54.21","53.73","54.28","53.61","1.40M","1.14%"
"11/18/2024","53.60","53.05","53.64","53.00","1.75M","0.53%"
"11/15/2024","53.32","53.72","53.78","53.16","2.38M","-0.45%"
"11/14/2024","53.56","53.88","54.03","53.52","2.50M","-0.96%"
"11/13/2024","54.08","54.58","54.63","53.82","2.88M","0.09%"
"11/12/2024","54.03","54.28","54.28","53.63","5.55M","-1.33%"
"11/11/2024","54.76","55.12","55.14","54.37","2.08M","-2.20%"
"11/08/2024","55.99","56.41","56.43","55.76","1.72M","-1.17%"
"11/07/2024","56.65","56.33","56.73","56.28","3.05M","2.55%"
"11/06/2024","55.24","54.90","55.33","54.39","2.67M","-1.25%"
"11/05/2024","55.94","55.72","56.26","55.69","2.57M","1.34%"
"11/04/2024","55.20","55.56","55.70","55.12","2.27M","0.73%"
"11/01/2024","54.80","55.04","55.40","54.72","1.63M","1.07%"
"10/31/2024","54.22","54.60","54.60","53.77","2.41M","-0.93%"
"10/30/2024","54.73","54.95","55.12","54.63","2.50M","-1.12%"
"10/29/2024","55.35","55.08","55.51","54.85","2.35M","-0.23%"
"10/28/2024","55.48","55.81","55.81","55.40","3.77M","-1.46%"
"10/25/2024","56.30","56.66","56.76","56.22","1.32M","1.24%"
"10/24/2024","55.61","55.78","55.87","55.35","2.39M","0.02%"
"10/23/2024","55.60","55.67","56.03","55.24","3.55M","-1.56%"
"10/22/2024","56.48","56.36","56.55","56.23","2.56M","0.48%"
"10/21/2024","56.21","56.40","56.44","55.83","1.83M","-0.79%"
"10/18/2024","56.66","57.02","57.02","56.54","3.72M","-0.12%"
"10/17/2024","56.73","56.57","57.01","56.30","5.33M","2.70%"
"10/16/2024","55.24","55.26","55.40","55.06","2.52M","1.19%"
"10/15/2024","54.59","55.44","55.51","54.52","4.29M","-1.41%"
"10/14/2024","55.37","55.02","55.39","54.95","2.40M","0.51%"
"10/11/2024","55.09","54.44","55.12","54.44","2.99M","1.19%"
"10/10/2024","54.44","54.11","54.51","53.78","1.68M","0.22%"
"10/09/2024","54.32","53.90","54.38","53.79","5.99M","-0.04%"
"10/08/2024","54.34","54.12","54.42","53.94","3.10M","1.21%"
"10/07/2024","53.69","54.00","54.18","53.58","2.43M","-0.17%"
"10/04/2024","53.78","53.86","53.86","53.41","3.13M","0.24%"
"10/03/2024","53.65","53.02","53.76","52.96","5.05M","0.09%"
"10/02/2024","53.60","53.73","53.85","53.30","3.47M","0.17%"
"10/01/2024","53.51","54.19","54.21","52.94","5.79M","-0.67%"
"09/30/2024","53.87","54.06","54.31","53.48","3.41M","-2.94%"
"09/27/2024","55.50","56.09","56.15","55.47","3.62M","-1.56%"
"09/26/2024","56.38","56.43","56.56","55.76","3.17M","2.49%"
"09/25/2024","55.01","55.36","55.58","54.98","1.60M","-0.40%"
"09/24/2024","55.23","54.69","55.28","54.44","4.52M","3.20%"
"09/23/2024","53.52","53.37","53.68","53.19","5.00M","0.68%"
"09/20/2024","53.16","53.60","53.60","52.96","2.01M","-1.02%"
"09/19/2024","53.71","53.42","53.89","53.03","2.27M","3.25%"
"09/18/2024","52.02","52.32","53.00","51.97","3.81M","-0.55%"
"09/17/2024","52.31","52.71","52.72","52.06","1.79M","-0.49%"
"09/16/2024","52.57","52.69","52.69","52.20","4.68M","0.04%"
"09/13/2024","52.55","52.69","52.71","52.46","2.46M","0.10%"
"09/12/2024","52.50","52.06","52.51","51.84","3.36M","0.96%"
"09/11/2024","52.00","51.10","52.01","50.25","4.53M","2.36%"
"09/10/2024","50.80","50.82","50.88","50.11","5.80M","-0.82%"
"09/09/2024","51.22","50.91","51.41","50.88","2.24M","2.28%"
"09/06/2024","50.08","51.97","52.02","50.07","4.56M","-2.89%"
"09/05/2024","51.57","51.35","51.92","51.27","2.46M","0.72%"
"09/04/2024","51.20","50.78","51.67","50.78","6.49M","-0.91%"
"09/03/2024","51.67","52.95","52.99","51.51","6.03M","-3.96%"
"08/30/2024","53.80","54.00","54.10","53.44","2.69M","-0.50%"
"08/29/2024","54.07","54.37","54.67","54.04","4.12M","0.13%"
"08/28/2024","54.00","54.32","54.36","53.74","4.60M","-0.22%"
"08/27/2024","54.12","53.79","54.22","53.57","1.87M","0.35%"
"08/26/2024","53.93","54.40","54.40","53.79","2.45M","-0.86%"
"08/23/2024","54.40","53.91","54.64","53.77","3.57M","2.89%"
"08/22/2024","52.87","54.16","54.16","52.72","5.19M","-2.20%"
"08/21/2024","54.06","53.73","54.25","53.60","2.86M","-0.15%"
"08/20/2024","54.14","54.44","54.50","53.92","2.62M","-0.92%"
"08/19/2024","54.64","54.20","54.66","53.94","2.88M","1.58%"
"08/16/2024","53.79","53.26","53.81","53.24","2.18M","1.05%"
"08/15/2024","53.23","52.88","53.37","52.66","2.62M","0.70%"
"08/14/2024","52.86","52.97","53.15","52.35","4.30M","-0.30%"
"08/13/2024","53.02","52.11","53.04","51.99","3.13M","2.24%"
"08/12/2024","51.86","51.70","52.19","51.51","6.37M","0.74%"
"08/09/2024","51.48","51.37","51.67","50.94","5.00M","1.24%"
"08/08/2024","50.85","50.20","50.87","49.60","7.42M","3.82%"
"08/07/2024","48.98","50.47","50.51","48.93","7.33M","1.43%"
"08/06/2024","48.29","47.79","49.02","47.28","5.67M","1.07%"
"08/05/2024","47.78","45.06","48.26","45.06","11.77M","-4.99%"
"08/02/2024","50.29","50.01","50.38","49.65","5.85M","-2.80%"
"08/01/2024","51.74","52.67","52.97","51.54","5.75M","-2.63%"
"07/31/2024","53.14","53.00","53.39","52.88","8.55M","3.41%"
"07/30/2024","51.39","52.07","52.08","51.02","6.99M","-0.08%"
"07/29/2024","51.43","51.66","51.75","51.17","2.06M","-1.36%"
"07/26/2024","52.14","52.30","52.33","51.90","6.20M","0.91%"
"07/25/2024","51.67","51.49","52.31","50.98","6.08M","-0.21%"
"07/24/2024","51.78","52.57","52.67","51.76","4.55M","-2.52%"
"07/23/2024","53.12","53.25","53.36","53.04","1.80M","0.32%"
"07/22/2024","52.95","52.66","52.98","52.55","6.18M","-0.36%"
"07/19/2024","53.14","53.54","53.79","53.08","3.72M","-1.54%"
"07/18/2024","53.97","54.81","54.94","53.65","6.90M","-1.24%"
"07/17/2024","54.65","55.35","55.35","54.61","16.44M","-3.39%"
"07/16/2024","56.57","56.33","56.58","56.10","3.66M","1.25%"
"07/15/2024","55.87","56.46","56.46","55.76","3.39M","-1.65%"
"07/12/2024","56.81","56.46","57.12","56.46","5.63M","-0.05%"
"07/11/2024","56.84","57.65","57.69","56.68","5.44M","-0.07%"
"07/10/2024","56.88","56.86","56.94","56.59","1.52M","1.41%"
"07/09/2024","56.09","56.30","56.32","55.90","4.33M","-0.27%"
"07/08/2024","56.24","56.50","56.62","56.06","3.06M","1.37%"
"07/05/2024","55.48","55.71","55.71","55.14","5.52M","0.38%"
"07/03/2024","55.27","54.75","55.32","54.72","1.80M","1.69%"
"07/02/2024","54.35","53.86","54.42","53.86","1.61M","0.56%"
"07/01/2024","54.05","54.30","54.38","53.81","1.63M","-0.26%"
"06/28/2024","54.19","54.47","54.69","54.01","1.54M","0.41%"
"06/27/2024","53.97","54.04","54.17","53.78","1.96M","0.67%"
"06/26/2024","53.61","53.50","53.71","53.29","2.08M","-0.76%"
"06/25/2024","54.02","53.60","54.04","53.59","1.74M","0.32%"
"06/24/2024","53.85","54.31","54.46","53.83","1.91M","-1.43%"
"06/21/2024","54.63","54.51","55.03","54.46","2.27M","-0.44%"
"06/20/2024","54.87","55.24","55.38","54.53","2.92M","0.79%"
"06/18/2024","54.44","54.19","54.51","53.99","4.16M","1.36%"
"06/17/2024","53.71","53.38","53.78","53.23","2.68M","1.11%"
"06/14/2024","53.12","52.90","53.16","52.61","1.34M","0.91%"
"06/13/2024","52.64","52.86","52.87","52.35","2.54M","0.00%"
"06/12/2024","52.64","52.70","53.01","52.53","2.57M","2.17%"
"06/11/2024","51.52","51.29","51.54","50.98","3.59M","-0.10%"
"06/10/2024","51.57","51.24","51.63","51.02","1.05M","0.80%"
"06/07/2024","51.16","51.34","51.47","51.08","1.79M","-0.85%"
"06/06/2024","51.60","51.66","51.66","51.33","1.90M","0.35%"
"06/05/2024","51.42","50.93","51.44","50.84","5.04M","2.45%"
"06/04/2024","50.19","50.19","50.31","49.86","2.03M","-1.30%"
"06/03/2024","50.85","51.07","51.07","50.49","2.53M","1.05%"
"05/31/2024","50.32","50.47","50.49","49.77","3.44M","-1.62%"
"05/30/2024","51.15","51.16","51.35","50.99","2.92M","0.24%"
"05/29/2024","51.03","51.25","51.25","51.00","3.01M","-2.43%"
"05/28/2024","52.30","52.41","52.54","52.10","3.66M","1.18%"
"05/24/2024","51.69","51.50","51.80","51.37","1.44M","1.27%"
"05/23/2024","51.04","51.80","51.80","50.88","2.83M","0.02%"
"05/22/2024","51.03","51.19","51.23","50.84","4.15M","1.01%"
"05/21/2024","50.52","50.46","50.56","50.38","1.44M","-0.61%"
"05/20/2024","50.83","50.61","50.90","50.40","2.35M","-0.29%"
"05/17/2024","50.98","50.89","51.08","50.81","2.98M","0.30%"
"05/16/2024","50.83","51.05","51.20","50.81","1.83M","-0.94%"
"05/15/2024","51.31","51.00","51.35","50.84","1.95M","1.79%"
"05/14/2024","50.41","49.88","50.42","49.84","2.70M","1.72%"
"05/13/2024","49.56","49.63","49.69","49.44","1.97M","0.20%"
"05/10/2024","49.46","49.57","49.65","49.37","2.46M","1.10%"
"05/09/2024","48.92","48.75","48.93","48.58","2.43M","0.12%"
"05/08/2024","48.86","48.65","48.89","48.65","1.55M","0.62%"
"05/07/2024","48.56","48.76","48.79","48.53","1.23M","-0.88%"
"05/06/2024","48.99","48.88","49.01","48.78","2.09M","0.70%"
"05/03/2024","48.65","48.44","48.71","48.28","3.46M","1.57%"
"05/02/2024","47.90","47.52","48.05","47.14","3.30M","2.11%"
"05/01/2024","46.91","47.20","47.73","46.78","2.74M","-0.53%"
"04/30/2024","47.16","47.39","47.62","47.15","2.95M","-1.57%"
"04/29/2024","47.91","47.69","47.94","47.53","4.13M","1.72%"
"04/26/2024","47.10","46.95","47.11","46.85","2.10M","1.20%"
"04/25/2024","46.54","45.79","46.64","45.74","5.27M","0.02%"
"04/24/2024","46.53","46.73","46.78","46.28","2.94M","0.48%"
"04/23/2024","46.31","45.94","46.35","45.93","2.69M","1.00%"
"04/22/2024","45.85","45.36","45.96","45.36","5.09M","0.31%"
"04/19/2024","45.71","46.08","46.14","45.61","3.81M","-2.10%"
"04/18/2024","46.69","46.72","47.03","46.47","3.45M","-0.32%"
"04/17/2024","46.84","47.09","47.18","46.60","5.49M","0.56%"
"04/16/2024","46.58","46.51","46.79","46.39","4.16M","-2.27%"
"04/15/2024","47.66","48.40","48.40","47.60","3.90M","-1.47%"
"04/12/2024","48.37","48.68","48.74","48.34","4.29M","-1.93%"
"04/11/2024","49.32","49.30","49.39","48.92","7.46M","0.12%"
"04/10/2024","49.26","49.31","49.40","49.03","8.04M","-1.08%"
"04/09/2024","49.80","49.89","49.97","49.55","5.27M","1.69%"
"04/08/2024","48.97","49.05","49.24","48.94","3.61M","0.72%"
"04/05/2024","48.62","48.28","48.76","48.19","3.34M","0.06%"
"04/04/2024","48.59","49.36","49.60","48.57","2.31M","-0.86%"
"04/03/2024","49.01","48.74","49.16","48.73","2.36M","0.08%"
"04/02/2024","48.97","49.03","49.11","48.93","2.14M","0.31%"
"04/01/2024","48.82","48.84","49.07","48.68","3.59M","0.29%"
"03/28/2024","48.68","48.59","48.83","48.56","2.70M","0.19%"
"03/27/2024","48.59","48.65","48.68","48.47","2.98M","0.27%"
"03/26/2024","48.46","48.59","48.61","48.43","1.98M","-0.84%"
"03/25/2024","48.87","48.76","48.99","48.68","1.77M","0.39%"
"03/22/2024","48.68","48.62","48.77","48.57","1.63M","-0.04%"
"03/21/2024","48.70","48.94","49.00","48.64","3.69M","0.50%"
"03/20/2024","48.46","47.99","48.47","47.92","3.19M","0.39%"
"03/19/2024","48.27","48.17","48.37","47.99","3.22M","-0.23%"
"03/18/2024","48.38","48.74","48.74","48.33","2.54M","0.12%"
"03/15/2024","48.32","48.33","48.50","48.27","2.88M","-0.35%"
"03/14/2024","48.49","48.74","48.79","48.33","3.96M","-0.49%"
"03/13/2024","48.73","48.89","48.89","48.62","3.35M","-0.77%"
"03/12/2024","49.11","49.00","49.15","48.67","4.78M","1.59%"
"03/11/2024","48.34","48.40","48.52","48.28","4.38M","-0.25%"
"03/08/2024","48.46","48.85","49.10","48.35","5.05M","-0.66%"
"03/07/2024","48.78","48.41","48.89","48.38","2.99M","1.50%"
"03/06/2024","48.06","47.90","48.30","47.84","2.64M","2.32%"
"03/05/2024","46.97","47.22","47.27","46.82","3.17M","-0.66%"
"03/04/2024","47.28","47.26","47.42","47.17","2.32M","0.90%"
"03/01/2024","46.86","46.37","46.96","46.33","2.42M","1.14%"
"02/29/2024","46.33","46.47","46.50","46.15","3.99M","1.02%"
"02/28/2024","45.86","45.95","45.99","45.72","2.14M","-0.61%"
"02/27/2024","46.14","46.26","46.35","46.12","2.29M","-0.56%"
"02/26/2024","46.40","46.48","46.51","46.35","1.49M","-0.02%"
"02/23/2024","46.41","46.45","46.47","46.24","2.65M","-0.58%"
"02/22/2024","46.68","46.60","46.71","46.49","3.50M","1.50%"
"02/21/2024","45.99","45.99","46.03","45.87","3.56M","-0.95%"
"02/20/2024","46.43","46.59","46.63","46.26","2.57M","0.74%"
"02/16/2024","46.09","46.00","46.22","45.94","3.74M","-0.63%"
"02/15/2024","46.38","46.31","46.39","46.17","4.31M","0.15%"
"02/14/2024","46.31","46.06","46.46","46.06","4.42M","1.58%"
"02/13/2024","45.59","45.99","46.14","45.40","3.68M","-2.71%"
"02/12/2024","46.86","46.80","47.17","46.73","3.34M","0.36%"
"02/09/2024","46.69","46.84","46.84","46.43","2.42M","0.34%"
"02/08/2024","46.53","46.08","46.58","45.92","4.81M","1.13%"
"02/07/2024","46.01","45.64","46.01","45.59","3.06M","0.70%"
"02/06/2024","45.69","45.25","45.71","45.15","5.18M","1.90%"
"02/05/2024","44.84","44.76","44.94","44.61","2.01M","0.18%"
"02/02/2024","44.76","44.69","44.83","44.58","2.49M","-0.44%"
"02/01/2024","44.96","44.87","44.97","44.69","1.64M","0.69%"
"01/31/2024","44.65","44.94","45.13","44.58","5.17M","-1.11%"
"01/30/2024","45.15","45.03","45.19","44.96","2.72M","-0.55%"
"01/29/2024","45.40","45.32","45.46","45.08","2.49M","0.89%"
"01/26/2024","45.00","45.09","45.19","44.97","2.20M","0.04%"
"01/25/2024","44.98","45.22","45.22","44.89","3.50M","0.04%"
"01/24/2024","44.96","44.95","45.20","44.78","8.83M","0.90%"
"01/23/2024","44.56","44.45","44.62","44.36","2.65M","0.63%"
"01/22/2024","44.28","44.30","44.43","44.21","2.25M","0.20%"
"01/19/2024","44.19","43.95","44.22","43.75","3.67M","2.46%"
"01/18/2024","43.13","43.00","43.19","42.96","3.90M","1.84%"
"01/17/2024","42.35","42.23","42.38","42.13","3.63M","-1.28%"
"01/16/2024","42.90","43.11","43.14","42.79","4.53M","-2.72%"
"01/12/2024","44.10","44.07","44.26","43.95","4.83M","0.23%"
"01/11/2024","44.00","44.14","44.26","43.76","4.65M","0.16%"
"01/10/2024","43.93","44.12","44.13","43.83","2.38M","-0.48%"
"01/09/2024","44.14","44.13","44.28","43.96","2.86M","-2.09%"
"01/08/2024","45.08","44.54","45.11","44.51","1.47M","1.55%"
"01/05/2024","44.39","44.40","44.67","44.33","3.07M","0.16%"
"01/04/2024","44.32","44.29","44.50","44.24","6.46M","0.05%"
"01/03/2024","44.30","44.25","44.47","44.17","4.85M","-1.49%"
"01/02/2024","44.97","45.23","45.23","44.87","4.13M","-2.30%"
"12/29/2023","46.03","46.20","46.27","45.92","1.88M","0.00%"
"12/28/2023","46.03","46.01","46.15","45.98","2.46M","0.37%"
"12/27/2023","45.86","45.82","45.90","45.67","2.13M","0.99%"
"12/26/2023","45.41","45.36","45.48","45.25","3.20M","2.11%"
"12/22/2023","44.47","44.53","44.62","44.37","1.62M","0.36%"
"12/21/2023","44.31","44.08","44.31","44.01","3.67M","2.03%"
"12/20/2023","43.43","44.26","44.27","43.40","6.43M","-12.40%"
"12/19/2023","49.58","49.52","49.63","49.43","2.09M","0.28%"
"12/18/2023","49.44","49.45","49.53","49.33","1.90M","-0.12%"
"12/15/2023","49.50","49.73","49.84","49.48","4.09M","-1.32%"
"12/14/2023","50.16","49.67","50.19","49.67","2.97M","1.42%"
"12/13/2023","49.46","48.73","49.51","48.50","2.89M","1.37%"
"12/12/2023","48.79","48.61","48.81","48.45","1.57M","-0.12%"
"12/11/2023","48.85","48.53","48.87","48.49","1.37M","0.62%"
"12/08/2023","48.55","48.33","48.56","48.30","1.74M","-0.19%"
"12/07/2023","48.64","48.32","48.67","48.26","1.29M","1.10%"
"12/06/2023","48.11","48.49","48.55","48.10","1.46M","-0.19%"
"12/05/2023","48.20","48.07","48.28","47.95","1.53M","-0.12%"
"12/04/2023","48.26","48.46","48.51","48.13","1.86M","-1.55%"
"12/01/2023","49.02","48.53","49.06","48.38","2.38M","0.66%"
"11/30/2023","48.70","48.91","48.93","48.60","3.18M","-0.57%"
"11/29/2023","48.98","49.03","49.25","48.94","2.93M","0.47%"
"11/28/2023","48.75","48.56","48.81","48.50","2.42M","1.35%"
"11/27/2023","48.10","48.05","48.21","47.94","1.75M","-0.06%"
"11/24/2023","48.13","48.10","48.22","48.02","1.23M","-0.19%"
"11/22/2023","48.22","48.31","48.38","48.01","2.55M","-0.94%"
"11/21/2023","48.68","48.99","48.99","48.63","3.54M","0.77%"
"11/20/2023","48.31","48.02","48.41","47.99","2.01M","1.00%"
"11/17/2023","47.83","47.84","47.87","47.74","4.08M","0.82%"
"11/16/2023","47.44","47.43","47.56","47.32","2.05M","0.13%"
"11/15/2023","47.38","47.43","47.66","47.33","3.97M","0.40%"
"11/14/2023","47.19","46.78","47.20","46.75","2.71M","2.50%"
"11/13/2023","46.04","45.97","46.17","45.84","1.59M","-0.43%"
"11/10/2023","46.24","45.74","46.27","45.70","2.53M","1.60%"
"11/09/2023","45.51","45.80","45.96","45.49","2.30M","-0.31%"
"11/08/2023","45.65","45.88","45.91","45.54","2.30M","-0.41%"
"11/07/2023","45.84","45.68","45.88","45.54","1.62M","0.00%"
"11/06/2023","45.84","45.83","45.87","45.67","1.41M","0.22%"
"11/03/2023","45.74","45.22","45.83","45.22","2.50M","1.67%"
"11/02/2023","44.99","44.91","45.01","44.74","1.83M","2.16%"
"11/01/2023","44.04","43.55","44.05","43.55","2.94M","1.19%"
"10/31/2023","43.52","43.40","43.53","43.22","2.11M","-0.68%"
"10/30/2023","43.82","43.86","43.96","43.64","3.19M","0.83%"
"10/27/2023","43.46","43.67","43.71","43.40","2.69M","-0.07%"
"10/26/2023","43.49","43.49","43.63","43.33","2.73M","-0.78%"
"10/25/2023","43.83","44.19","44.22","43.73","2.74M","-1.44%"
"10/24/2023","44.47","44.24","44.51","44.24","1.97M","0.82%"
"10/23/2023","44.11","43.82","44.32","43.63","3.24M","-0.23%"
"10/20/2023","44.21","44.40","44.60","44.20","2.63M","-1.27%"
"10/19/2023","44.78","44.79","45.01","44.62","2.98M","0.95%"
"10/18/2023","44.36","44.54","44.67","44.28","2.47M","-1.99%"
"10/17/2023","45.26","45.07","45.47","44.97","2.53M","-1.05%"
"10/16/2023","45.74","45.55","45.83","45.47","2.93M","0.51%"
"10/13/2023","45.51","45.72","45.86","45.43","2.53M","-0.35%"
"10/12/2023","45.67","46.01","46.07","45.51","4.45M","-0.46%"
"10/11/2023","45.88","45.91","45.97","45.66","2.82M","0.13%"
"10/10/2023","45.82","45.39","45.88","45.35","3.09M","0.86%"
"10/09/2023","45.43","45.08","45.44","44.92","2.19M","-0.31%"
"10/06/2023","45.57","44.98","45.67","44.86","2.85M","1.70%"
"10/05/2023","44.81","44.70","44.88","44.50","1.84M","1.29%"
"10/04/2023","44.24","44.23","44.33","44.06","3.73M","0.25%"
"10/03/2023","44.13","44.40","44.56","44.06","3.96M","-1.05%"
"10/02/2023","44.60","44.80","44.80","44.48","3.76M","0.11%"
"09/29/2023","44.55","45.14","45.17","44.47","2.61M","-0.47%"
"09/28/2023","44.76","44.33","44.84","44.33","4.06M","1.13%"
"09/27/2023","44.26","44.35","44.46","44.01","2.48M","0.25%"
"09/26/2023","44.15","44.45","44.48","44.10","3.14M","-1.65%"
"09/25/2023","44.89","44.71","44.96","44.67","1.71M","0.43%"
"09/22/2023","44.70","44.78","44.88","44.61","2.03M","0.81%"
"09/21/2023","44.34","44.43","44.59","44.30","2.62M","-2.01%"
"09/20/2023","45.25","45.62","45.74","45.22","2.06M","-0.64%"
"09/19/2023","45.54","45.61","45.65","45.36","2.07M","-0.94%"
"09/18/2023","45.97","45.83","46.04","45.76","2.16M","-0.11%"
"09/15/2023","46.02","46.30","46.35","45.97","2.50M","-0.52%"
"09/14/2023","46.26","46.36","46.43","46.19","1.85M","1.25%"
"09/13/2023","45.69","45.54","45.83","45.49","1.76M","0.59%"
"09/12/2023","45.42","45.26","45.56","45.26","2.85M","0.24%"
"09/11/2023","45.31","45.18","45.33","45.03","1.69M","0.35%"
"09/08/2023","45.15","45.25","45.39","45.12","1.39M","0.04%"
"09/07/2023","45.13","45.10","45.16","44.97","4.34M","-0.92%"
"09/06/2023","45.55","45.79","45.96","45.43","2.20M","-0.78%"
"09/05/2023","45.91","45.97","46.10","45.86","2.21M","0.33%"
"09/01/2023","45.76","46.01","46.08","45.65","1.55M","0.35%"
"08/31/2023","45.60","45.77","45.84","45.54","1.90M","-1.28%"
"08/30/2023","46.19","46.15","46.31","46.08","1.21M","-0.30%"
"08/29/2023","46.33","45.78","46.33","45.73","2.18M","1.11%"
"08/28/2023","45.82","45.77","45.85","45.66","1.85M","0.70%"
"08/25/2023","45.50","45.45","45.72","45.21","2.58M","-0.59%"
"08/24/2023","45.77","46.32","46.32","45.73","4.10M","-0.17%"
"08/23/2023","45.85","45.57","45.92","45.56","2.62M","1.82%"
"08/22/2023","45.03","45.34","45.40","44.95","2.37M","-0.84%"
"08/21/2023","45.41","45.06","45.47","45.03","2.30M","0.64%"
"08/18/2023","45.12","44.90","45.21","44.85","2.24M","-0.09%"
"08/17/2023","45.16","45.62","45.64","45.15","2.18M","0.36%"
"08/16/2023","45.00","45.18","45.40","44.99","2.07M","-0.27%"
"08/15/2023","45.12","45.27","45.32","45.10","2.19M","-0.90%"
"08/14/2023","45.53","45.13","45.56","45.10","2.18M","-0.57%"
"08/11/2023","45.79","45.91","46.02","45.67","2.85M","-0.82%"
"08/10/2023","46.17","46.48","46.76","46.07","2.39M","-0.67%"
"08/09/2023","46.48","46.79","46.84","46.35","1.83M","0.13%"
"08/08/2023","46.42","46.38","46.46","46.15","1.71M","-1.65%"
"08/07/2023","47.20","47.21","47.27","47.00","1.97M","0.98%"
"08/04/2023","46.74","46.70","47.11","46.57","3.18M","1.39%"
"08/03/2023","46.10","46.01","46.27","45.91","2.88M","-0.60%"
"08/02/2023","46.38","46.69","46.71","46.35","2.22M","-2.81%"
"08/01/2023","47.72","47.84","47.89","47.62","1.55M","-0.33%"
"07/31/2023","47.88","47.88","47.96","47.76","1.72M","-1.85%"
"07/28/2023","48.78","48.56","48.84","48.53","2.91M","1.60%"
"07/27/2023","48.01","48.57","48.59","47.96","3.08M","-0.95%"
"07/26/2023","48.47","48.10","48.63","48.08","2.74M","0.00%"
"07/25/2023","48.47","48.42","48.59","48.40","1.42M","0.81%"
"07/24/2023","48.08","47.87","48.08","47.76","2.35M","1.29%"
"07/21/2023","47.47","47.62","47.73","47.43","2.00M","-0.21%"
"07/20/2023","47.57","47.96","48.08","47.48","3.53M","-1.33%"
"07/19/2023","48.21","48.47","48.53","48.08","1.90M","-1.51%"
"07/18/2023","48.95","48.78","48.99","48.67","2.17M","-0.04%"
"07/17/2023","48.97","48.84","48.99","48.56","2.22M","0.55%"
"07/14/2023","48.70","49.00","49.05","48.68","3.17M","-0.14%"
"07/13/2023","48.77","48.35","48.81","48.33","2.37M","1.46%"
"07/12/2023","48.07","47.64","48.07","47.60","3.17M","2.47%"
"07/11/2023","46.91","46.96","47.03","46.70","2.29M","1.47%"
"07/10/2023","46.23","45.96","46.25","45.93","2.32M","-0.02%"
"07/07/2023","46.24","46.12","46.54","46.10","2.44M","0.57%"
"07/06/2023","45.98","46.13","46.18","45.74","3.67M","-2.32%"
"07/05/2023","47.07","47.20","47.26","47.01","3.29M","-1.05%"
"07/03/2023","47.57","47.55","47.77","47.44","1.31M","1.17%"
"06/30/2023","47.02","47.04","47.26","47.02","5.45M","0.43%"
"06/29/2023","46.82","46.84","47.03","46.79","6.98M","-0.62%"
"06/28/2023","47.11","47.00","47.22","46.87","3.52M","-0.57%"
"06/27/2023","47.38","47.17","47.40","47.05","1.88M","0.21%"
"06/26/2023","47.28","47.33","47.51","47.24","1.81M","0.30%"
"06/23/2023","47.14","47.00","47.19","46.91","1.87M","-1.38%"
"06/22/2023","47.80","47.42","47.88","47.37","1.28M","-0.10%"
"06/21/2023","47.85","47.94","47.98","47.69","1.99M","0.02%"
"06/20/2023","47.84","48.02","48.15","47.80","2.06M","-1.26%"
"06/16/2023","48.45","48.71","48.72","48.41","2.58M","-1.18%"
"06/15/2023","49.03","48.80","49.05","48.74","3.45M","0.80%"
"06/14/2023","48.64","48.50","48.80","48.29","4.11M","-0.21%"
"06/13/2023","48.74","48.83","48.87","48.53","2.95M","1.48%"
"06/12/2023","48.03","47.71","48.04","47.67","2.04M","0.90%"
"06/09/2023","47.60","47.56","47.78","47.46","2.87M","0.49%"
"06/08/2023","47.37","47.02","47.41","47.02","1.45M","0.13%"
"06/07/2023","47.31","47.59","47.74","47.27","2.20M","0.11%"
"06/06/2023","47.26","46.98","47.33","46.94","2.30M","0.53%"
"06/05/2023","47.01","46.89","47.04","46.78","2.56M","-0.32%"
"06/02/2023","47.16","47.12","47.31","46.99","3.11M","1.14%"
"06/01/2023","46.63","46.18","46.63","46.11","3.41M","0.93%"
"05/31/2023","46.20","46.39","46.39","45.88","4.95M","-1.30%"
"05/30/2023","46.81","47.22","47.36","46.65","4.05M","0.02%"
"05/26/2023","46.80","46.30","46.88","46.24","3.25M","2.38%"
"05/25/2023","45.71","45.58","45.77","45.50","3.79M","2.24%"
"05/24/2023","44.71","44.82","44.85","44.62","2.50M","-0.53%"
"05/23/2023","44.95","45.22","45.26","44.92","1.72M","-1.08%"
"05/22/2023","45.44","45.45","45.59","45.43","1.48M","-0.35%"
"05/19/2023","45.60","45.68","45.74","45.52","2.51M","0.35%"
"05/18/2023","45.44","45.30","45.50","45.23","1.50M","0.78%"
"05/17/2023","45.09","44.75","45.13","44.68","2.86M","2.45%"
"05/16/2023","44.01","44.04","44.19","44.00","2.18M","0.41%"
"05/15/2023","43.83","43.52","43.89","43.52","2.64M","1.20%"
"05/12/2023","43.31","43.49","43.59","43.19","2.41M","-0.46%"
"05/11/2023","43.51","43.53","43.59","43.32","3.15M","-1.25%"
"05/10/2023","44.06","44.00","44.14","43.84","2.01M","-0.20%"
"05/09/2023","44.15","44.20","44.22","44.09","2.47M","-0.27%"
"05/08/2023","44.27","44.28","44.31","44.17","914.25K","-0.29%"
"05/05/2023","44.40","44.05","44.50","43.98","3.52M","1.51%"
"05/04/2023","43.74","43.84","43.90","43.66","2.36M","0.32%"
"05/03/2023","43.60","43.80","44.00","43.59","2.15M","0.11%"
"05/02/2023","43.55","43.79","43.79","43.39","2.74M","-0.34%"
"05/01/2023","43.70","43.79","44.06","43.68","2.30M","-0.50%"
"04/28/2023","43.92","43.75","43.92","43.71","2.41M","0.62%"
"04/27/2023","43.65","43.30","43.69","43.26","2.54M","1.42%"
"04/26/2023","43.04","43.23","43.26","43.00","2.84M","0.28%"
"04/25/2023","42.92","43.16","43.19","42.90","2.62M","-2.54%"
"04/24/2023","44.04","44.04","44.15","43.94","1.32M","0.20%"
"04/21/2023","43.95","44.10","44.10","43.83","2.51M","-0.90%"
"04/20/2023","44.35","44.30","44.58","44.23","3.40M","0.02%"
"04/19/2023","44.34","44.26","44.43","44.22","1.87M","-1.27%"
"04/18/2023","44.91","44.97","45.06","44.83","2.26M","-0.33%"
"04/17/2023","45.06","45.02","45.10","44.88","1.04M","-0.13%"
"04/14/2023","45.12","45.24","45.39","44.92","3.14M","-0.20%"
"04/13/2023","45.21","45.02","45.27","44.92","2.64M","0.44%"
"04/12/2023","45.01","45.46","45.49","44.98","4.13M","-0.44%"
"04/11/2023","45.21","45.30","45.38","45.19","1.84M","0.60%"
"04/10/2023","44.94","44.72","44.95","44.60","1.93M","0.11%"
"04/06/2023","44.89","44.82","45.01","44.63","2.45M","-0.13%"
"04/05/2023","44.95","45.44","45.44","44.75","2.61M","-1.25%"
"04/04/2023","45.52","45.45","45.67","45.30","1.81M","-0.18%"
"04/03/2023","45.60","45.30","45.64","45.23","2.23M","0.60%"
"03/31/2023","45.33","45.23","45.42","45.18","1.93M","0.02%"
"03/30/2023","45.32","45.35","45.39","45.19","2.18M","0.33%"
"03/29/2023","45.17","45.15","45.22","45.03","3.61M","0.31%"
"03/28/2023","45.03","45.02","45.06","44.79","1.71M","-0.35%"
"03/27/2023","45.19","45.20","45.22","45.00","1.93M","-0.68%"
"03/24/2023","45.50","45.37","45.50","45.13","2.14M","0.07%"
"03/23/2023","45.47","45.50","45.85","45.24","3.06M","1.36%"
"03/22/2023","44.86","44.99","45.63","44.84","4.12M","0.97%"
"03/21/2023","44.43","44.25","44.48","44.13","2.35M","1.02%"
"03/20/2023","43.98","43.82","44.01","43.70","1.64M","0.94%"
"03/17/2023","43.57","43.70","43.82","43.51","3.07M","-0.43%"
"03/16/2023","43.76","43.08","43.78","43.02","4.14M","1.70%"
"03/15/2023","43.03","42.77","43.03","42.58","5.76M","-2.07%"
"03/14/2023","43.94","43.84","44.04","43.69","3.45M","0.21%"
"03/13/2023","43.85","43.53","44.10","43.52","8.59M","0.83%"
"03/10/2023","43.49","43.92","44.06","43.46","4.55M","-0.96%"
"03/09/2023","43.91","44.44","44.65","43.85","4.80M","-2.03%"
"03/08/2023","44.82","44.64","44.88","44.60","2.75M","0.95%"
"03/07/2023","44.40","45.00","45.04","44.33","3.35M","-0.72%"
"03/06/2023","44.72","44.88","45.05","44.69","1.56M","-0.29%"
"03/03/2023","44.85","44.53","44.88","44.38","1.90M","1.01%"
"03/02/2023","44.40","43.99","44.47","43.95","1.87M","0.43%"
"03/01/2023","44.21","44.40","44.44","44.14","2.75M","1.19%"
"02/28/2023","43.69","43.77","44.06","43.62","2.40M","-0.55%"
"02/27/2023","43.93","44.05","44.18","43.85","3.37M","0.39%"
"02/24/2023","43.76","43.77","43.85","43.61","3.21M","-2.50%"
"02/23/2023","44.88","44.87","45.09","44.51","2.49M","2.14%"
"02/22/2023","43.94","44.14","44.19","43.85","2.22M","0.14%"
"02/21/2023","43.88","44.19","44.36","43.85","2.24M","-1.15%"
"02/17/2023","44.39","44.36","44.44","44.12","1.84M","0.09%"
"02/16/2023","44.35","44.42","44.72","44.21","3.25M","-0.11%"
"02/15/2023","44.40","44.22","44.44","44.08","2.75M","-1.97%"
"02/14/2023","45.29","45.08","45.57","44.92","3.05M","0.22%"
"02/13/2023","45.19","44.89","45.20","44.84","2.01M","0.65%"
"02/10/2023","44.90","44.99","45.05","44.69","2.43M","-0.53%"
"02/09/2023","45.14","45.52","45.61","44.90","4.30M","0.40%"
"02/08/2023","44.96","45.22","45.26","44.85","2.01M","0.07%"
"02/07/2023","44.93","44.45","45.03","44.33","3.39M","1.28%"
"02/06/2023","44.36","44.51","44.65","44.28","4.36M","-1.55%"
"02/03/2023","45.06","45.31","45.62","44.97","4.07M","-1.81%"
"02/02/2023","45.89","46.05","46.10","45.71","7.44M","0.33%"
"02/01/2023","45.74","45.13","45.90","44.96","5.31M","2.08%"
"01/31/2023","44.81","44.50","44.83","44.31","4.12M","-0.11%"
"01/30/2023","44.86","45.10","45.31","44.86","3.63M","-1.15%"
"01/27/2023","45.38","45.47","45.63","45.36","6.71M","-0.33%"
"01/26/2023","45.53","45.49","45.55","45.24","4.27M","1.18%"
"01/25/2023","45.00","44.76","45.01","44.40","1.83M","0.07%"
"01/24/2023","44.97","44.83","45.01","44.66","2.30M","0.29%"
"01/23/2023","44.84","44.26","45.13","44.21","2.52M","1.47%"
"01/20/2023","44.19","43.72","44.20","43.56","2.04M","1.91%"
"01/19/2023","43.36","43.33","43.61","43.25","2.85M","-0.12%"
"01/18/2023","43.41","44.01","44.01","43.41","2.97M","-0.46%"
"01/17/2023","43.61","43.37","43.65","43.33","2.39M","0.83%"
"01/13/2023","43.25","42.93","43.28","42.92","2.44M","-0.21%"
"01/12/2023","43.34","42.95","43.50","42.67","4.41M","0.84%"
"01/11/2023","42.98","42.83","42.98","42.67","1.99M","-0.07%"
"01/10/2023","43.01","42.83","43.02","42.75","1.84M","0.94%"
"01/09/2023","42.61","42.80","43.08","42.61","2.97M","1.52%"
"01/06/2023","41.97","41.27","42.03","41.06","3.01M","3.30%"
"01/05/2023","40.63","40.71","40.74","40.54","1.73M","-0.73%"
"01/04/2023","40.93","40.73","41.03","40.48","4.36M","1.41%"
"01/03/2023","40.36","40.66","40.90","40.28","2.74M","0.50%"
"12/30/2022","40.16","40.24","40.35","39.89","3.25M","-1.21%"
"12/29/2022","40.65","40.32","40.69","40.29","4.00M","2.14%"
"12/28/2022","39.80","40.33","40.42","39.75","2.07M","-2.02%"
"12/27/2022","40.62","40.69","40.80","40.61","1.85M","0.05%"
"12/23/2022","40.60","40.45","40.68","40.33","1.39M","0.12%"
"12/22/2022","40.55","40.85","40.86","40.17","3.97M","-1.29%"
"12/21/2022","41.08","40.66","41.11","40.58","5.56M","1.16%"
"12/20/2022","40.61","40.53","40.73","40.41","2.42M","-0.68%"
"12/19/2022","40.89","41.14","41.17","40.76","1.62M","-0.05%"
"12/16/2022","40.91","41.13","41.18","40.79","2.80M","-0.39%"
"12/15/2022","41.07","41.70","41.71","41.01","3.80M","-2.28%"
"12/14/2022","42.03","42.17","42.33","41.68","4.31M","0.21%"
"12/13/2022","41.94","42.61","42.61","41.76","7.52M","-15.63%"
"12/12/2022","49.71","49.29","49.72","49.15","5.50M","0.44%"
"12/09/2022","49.49","49.69","49.96","49.49","3.02M","-0.10%"
"12/08/2022","49.54","49.38","49.66","49.19","6.08M","0.30%"
"12/07/2022","49.39","49.44","49.62","49.23","2.57M","0.12%"
"12/06/2022","49.33","49.80","49.83","49.22","3.41M","-2.05%"
"12/05/2022","50.36","50.54","50.69","50.17","3.34M","-0.53%"
"12/02/2022","50.63","50.23","50.81","50.17","2.84M","-0.24%"
"12/01/2022","50.75","50.99","51.08","50.42","4.33M","-0.14%"
"11/30/2022","50.82","50.03","50.91","49.49","6.11M","3.59%"
"11/29/2022","49.06","49.02","49.20","48.80","3.21M","1.76%"
"11/28/2022","48.21","48.82","48.97","48.21","2.67M","-1.97%"
"11/25/2022","49.18","49.24","49.29","49.03","1.04M","0.27%"
"11/23/2022","49.05","48.71","49.13","48.69","2.26M","0.76%"
"11/22/2022","48.68","48.35","48.70","48.28","3.93M","1.48%"
"11/21/2022","47.97","48.12","48.12","47.83","3.20M","-1.32%"
"11/18/2022","48.61","48.65","48.71","48.34","2.39M","0.14%"
"11/17/2022","48.54","47.95","48.66","47.95","2.50M","0.14%"
"11/16/2022","48.47","48.63","48.68","48.38","5.99M","-2.00%"
"11/15/2022","49.46","49.65","49.83","49.12","5.89M","3.43%"
"11/14/2022","47.82","47.89","48.18","47.74","3.00M","-0.56%"
"11/11/2022","48.09","47.58","48.26","47.40","6.91M","3.24%"
"11/10/2022","46.58","45.51","46.59","45.36","7.59M","5.86%"
"11/09/2022","44.00","44.49","44.61","43.95","3.25M","0.16%"
"11/08/2022","43.93","43.66","44.13","43.59","3.66M","1.62%"
"11/07/2022","43.23","43.19","43.29","42.97","1.90M","0.51%"
"11/04/2022","43.01","42.80","43.06","42.53","3.06M","3.27%"
"11/03/2022","41.65","41.48","41.81","41.27","2.61M","0.34%"
"11/02/2022","41.51","42.18","42.68","41.51","4.01M","-1.40%"
"11/01/2022","42.10","42.47","42.55","42.03","2.72M","1.06%"
"10/31/2022","41.66","41.59","41.75","41.43","4.50M","-0.74%"
"10/28/2022","41.97","41.53","41.98","41.39","2.77M","0.53%"
"10/27/2022","41.75","41.93","42.19","41.67","2.55M","0.05%"
"10/26/2022","41.73","41.43","42.15","41.40","4.31M","0.51%"
"10/25/2022","41.52","40.92","41.53","40.89","4.56M","0.24%"
"10/24/2022","41.42","41.32","41.46","40.97","3.34M","-1.87%"
"10/21/2022","42.21","41.42","42.21","41.30","2.99M","1.03%"
"10/20/2022","41.78","41.80","42.43","41.71","3.89M","0.80%"
"10/19/2022","41.45","41.39","41.75","41.26","2.93M","-1.64%"
"10/18/2022","42.14","42.63","42.69","41.88","2.66M","-0.94%"
"10/17/2022","42.54","42.38","42.65","42.34","2.73M","2.14%"
"10/14/2022","41.65","42.69","42.69","41.59","4.33M","-2.62%"
"10/13/2022","42.77","41.15","42.86","41.03","5.75M","0.99%"
"10/12/2022","42.35","42.29","42.54","42.22","2.90M","0.57%"
"10/11/2022","42.11","42.33","42.63","41.94","3.90M","-1.43%"
"10/10/2022","42.72","43.28","43.36","42.63","3.02M","-1.91%"
"10/07/2022","43.55","44.25","44.34","43.49","2.81M","-3.14%"
"10/06/2022","44.96","45.06","45.29","44.89","1.71M","-0.57%"
"10/05/2022","45.22","44.98","45.42","44.58","3.35M","0.36%"
"10/04/2022","45.06","44.37","45.06","44.34","3.82M","3.35%"
"10/03/2022","43.60","43.18","43.68","42.98","3.11M","1.16%"
"09/30/2022","43.10","43.13","43.59","43.02","4.91M","-0.81%"
"09/29/2022","43.45","43.75","43.77","43.19","4.35M","-2.21%"
"09/28/2022","44.43","43.90","44.59","43.72","5.42M","-0.58%"
"09/27/2022","44.69","44.98","45.17","44.51","3.84M","0.16%"
"09/26/2022","44.62","44.80","45.00","44.46","3.61M","-1.00%"
"09/23/2022","45.07","45.44","45.50","44.90","4.92M","-2.57%"
"09/22/2022","46.26","46.47","46.56","46.19","2.83M","-1.20%"
"09/21/2022","46.82","47.18","47.69","46.77","2.85M","-1.33%"
"09/20/2022","47.45","47.44","47.56","47.21","1.93M","-0.61%"
"09/19/2022","47.74","47.25","47.78","47.18","3.02M","-0.13%"
"09/16/2022","47.80","47.57","47.97","47.45","2.63M","-0.19%"
"09/15/2022","47.89","48.16","48.38","47.82","2.86M","-0.81%"
"09/14/2022","48.28","48.32","48.51","48.10","2.94M","1.05%"
"09/13/2022","47.78","48.78","48.89","47.74","4.53M","-3.88%"
"09/12/2022","49.71","49.59","49.83","49.51","2.89M","0.42%"
"09/09/2022","49.50","49.16","49.51","49.14","2.04M","1.64%"
"09/08/2022","48.70","48.20","48.76","48.11","2.24M","0.52%"
"09/07/2022","48.45","47.88","48.50","47.77","3.30M","-0.16%"
"09/06/2022","48.53","48.86","48.90","48.42","2.33M","-0.29%"
"09/02/2022","48.67","49.23","49.39","48.59","3.14M","-1.58%"
"09/01/2022","49.45","49.34","49.49","48.90","3.34M","-1.55%"
"08/31/2022","50.23","50.57","50.67","50.22","4.29M","0.82%"
"08/30/2022","49.82","50.45","50.53","49.57","3.34M","-0.78%"
"08/29/2022","50.21","50.28","50.43","50.06","4.74M","-1.24%"
"08/26/2022","50.84","52.05","52.13","50.80","5.65M","-2.47%"
"08/25/2022","52.13","51.72","52.17","51.66","3.33M","1.60%"
"08/24/2022","51.31","51.23","51.50","51.13","2.57M","-0.29%"
"08/23/2022","51.46","51.39","51.81","51.37","3.32M","0.04%"
"08/22/2022","51.44","51.77","51.80","51.44","4.10M","-1.46%"
"08/19/2022","52.20","52.48","52.49","52.17","1.72M","-1.21%"
"08/18/2022","52.84","52.84","52.89","52.69","1.54M","0.21%"
"08/17/2022","52.73","52.79","52.94","52.58","1.76M","-0.51%"
"08/16/2022","53.00","52.95","53.10","52.83","1.15M","0.30%"
"08/15/2022","52.84","52.74","52.95","52.70","2.44M","-0.32%"
"08/12/2022","53.01","52.61","53.04","52.59","2.19M","1.28%"
"08/11/2022","52.34","52.58","52.92","52.32","4.79M","0.44%"
"08/10/2022","52.11","51.70","52.13","51.63","3.88M","1.94%"
"08/09/2022","51.12","51.39","51.47","51.03","2.24M","0.10%"
"08/08/2022","51.07","51.33","51.44","50.95","2.76M","-0.74%"
"08/05/2022","51.45","51.16","51.48","51.10","3.29M","1.80%"
"08/04/2022","50.54","50.46","50.67","50.38","3.04M","0.14%"
"08/03/2022","50.47","50.38","50.61","50.12","2.61M","0.74%"
"08/02/2022","50.10","50.00","50.72","49.90","10.75M","-0.50%"
"08/01/2022","50.35","50.35","50.74","50.12","6.57M","-1.83%"
"07/29/2022","51.29","50.88","51.34","50.75","3.07M","0.06%"
"07/28/2022","51.26","51.06","51.33","50.69","2.08M","-0.18%"
"07/27/2022","51.35","50.72","51.49","50.63","3.09M","2.62%"
"07/26/2022","50.04","50.44","50.49","49.99","2.05M","-1.81%"
"07/25/2022","50.96","50.98","51.01","50.74","1.80M","0.24%"
"07/22/2022","50.84","51.14","51.28","50.60","1.42M","-0.59%"
"07/21/2022","51.14","50.68","51.16","50.49","3.13M","1.93%"
"07/20/2022","50.17","50.02","50.31","49.88","3.23M","-0.65%"
"07/19/2022","50.50","50.18","50.53","50.09","2.20M","2.02%"
"07/18/2022","49.50","50.07","50.17","49.44","2.73M","-0.20%"
"07/15/2022","49.60","49.36","49.62","49.15","2.67M","0.90%"
"07/14/2022","49.16","48.79","49.22","48.36","3.31M","0.24%"
"07/13/2022","49.04","48.25","49.17","48.20","3.37M","1.01%"
"07/12/2022","48.55","48.62","48.85","48.40","3.67M","0.29%"
"07/11/2022","48.41","48.65","48.71","48.26","2.37M","-2.42%"
"07/08/2022","49.61","49.22","49.67","49.10","3.12M","0.45%"
"07/07/2022","49.39","48.94","49.49","48.94","4.23M","2.87%"
"07/06/2022","48.01","47.86","48.21","47.66","3.95M","-1.38%"
"07/05/2022","48.68","47.90","48.71","47.75","3.54M","-0.81%"
"07/01/2022","49.08","49.16","49.24","48.68","5.00M","-2.66%"
"06/30/2022","50.42","50.00","50.58","49.71","6.69M","-2.15%"
"06/29/2022","51.53","51.66","51.74","51.40","2.71M","-0.48%"
"06/28/2022","51.78","52.56","52.74","51.75","2.99M","-1.67%"
"06/27/2022","52.66","52.89","52.94","52.50","4.54M","-0.25%"
"06/24/2022","52.79","52.04","52.82","52.01","5.43M","1.60%"
"06/23/2022","51.96","51.87","51.99","51.32","3.86M","-0.25%"
"06/22/2022","52.09","51.90","52.48","51.85","3.17M","-2.20%"
"06/21/2022","53.26","53.12","53.45","53.10","4.36M","1.76%"
"06/17/2022","52.34","52.35","52.62","51.94","3.88M","-0.21%"
"06/16/2022","52.45","52.66","52.77","52.23","6.55M","-3.76%"
"06/15/2022","54.50","54.02","54.95","53.80","6.69M","1.06%"
"06/14/2022","53.93","53.93","54.08","53.57","4.13M","1.39%"
"06/13/2022","53.19","53.57","53.83","53.08","6.25M","-3.06%"
"06/10/2022","54.87","55.29","55.32","54.85","3.56M","-1.01%"
"06/09/2022","55.43","56.02","56.17","55.39","2.55M","-1.30%"
"06/08/2022","56.16","56.56","56.68","56.09","4.09M","-0.30%"
"06/07/2022","56.33","55.83","56.35","55.77","2.46M","0.00%"
"06/06/2022","56.33","57.00","57.08","56.01","8.58M","0.18%"
"06/03/2022","56.23","56.63","56.70","56.03","3.17M","-1.83%"
"06/02/2022","57.28","56.58","57.28","56.44","3.64M","1.27%"
"06/01/2022","56.56","57.22","57.29","56.28","5.91M","-0.88%"
"05/31/2022","57.06","57.40","57.50","57.01","6.37M","1.82%"
"05/27/2022","56.04","55.88","56.05","55.84","3.15M","2.06%"
"05/26/2022","54.91","54.36","55.04","54.31","4.46M","0.42%"
"05/25/2022","54.68","54.20","54.94","54.14","2.76M","1.17%"
"05/24/2022","54.05","53.93","54.20","53.53","2.41M","-1.58%"
"05/23/2022","54.92","54.70","55.03","54.57","3.08M","1.07%"
"05/20/2022","54.34","54.70","54.79","53.49","5.13M","0.41%"
"05/19/2022","54.12","53.62","54.38","53.62","4.60M","0.76%"
"05/18/2022","53.71","54.54","54.66","53.62","4.10M","-1.59%"
"05/17/2022","54.58","54.75","54.76","54.29","2.76M","2.08%"
"05/16/2022","53.47","53.57","53.73","53.33","3.18M","-0.80%"
"05/13/2022","53.90","53.28","53.91","53.20","4.22M","2.22%"
"05/12/2022","52.73","52.61","53.02","52.19","4.58M","-0.75%"
"05/11/2022","53.13","53.76","54.20","53.11","5.00M","-1.61%"
"05/10/2022","54.00","54.48","54.59","53.59","7.42M","1.18%"
"05/09/2022","53.37","54.00","54.19","53.35","4.17M","-3.25%"
"05/06/2022","55.16","55.30","55.57","54.74","5.06M","-0.13%"
"05/05/2022","55.23","56.26","56.26","54.91","5.95M","-3.65%"
"05/04/2022","57.32","56.20","57.41","55.76","4.49M","2.03%"
"05/03/2022","56.18","55.90","56.26","55.83","2.90M","0.95%"
"05/02/2022","55.65","55.65","55.96","54.82","5.48M","-0.47%"
"04/29/2022","55.91","56.56","56.87","55.90","3.24M","-1.20%"
"04/28/2022","56.59","55.93","56.83","55.50","6.44M","2.18%"
"04/27/2022","55.38","55.48","55.84","55.21","7.61M","0.00%"
"04/26/2022","55.38","56.44","56.46","55.38","4.87M","-2.62%"
"04/25/2022","56.87","56.57","56.93","56.33","6.58M","-0.12%"
"04/22/2022","56.94","57.72","57.85","56.85","4.11M","-1.30%"
"04/21/2022","57.69","58.65","58.77","57.55","4.62M","-1.23%"
"04/20/2022","58.41","58.51","58.59","58.31","6.22M","0.62%"
"04/19/2022","58.05","57.62","58.07","57.48","3.40M","0.42%"
"04/18/2022","57.81","57.86","58.14","57.68","3.89M","-1.57%"
"04/14/2022","58.73","59.44","59.45","58.72","5.18M","-2.04%"
"04/13/2022","59.95","59.51","60.02","59.51","4.29M","2.32%"
"04/12/2022","58.59","59.11","59.22","58.51","5.66M","-0.14%"
"04/11/2022","58.67","58.92","58.99","58.58","4.31M","-1.94%"
"04/08/2022","59.83","60.07","60.19","59.78","4.23M","-0.28%"
"04/07/2022","60.00","60.04","60.28","59.77","4.35M","-1.38%"
"04/06/2022","60.84","61.04","61.09","60.53","4.72M","-1.31%"
"04/05/2022","61.65","62.30","62.31","61.21","10.76M","-1.25%"
"04/04/2022","62.43","61.89","62.66","61.83","3.29M","1.53%"
"04/01/2022","61.49","61.66","61.77","61.17","6.25M","0.07%"
"03/31/2022","61.45","61.74","61.84","61.41","5.55M","-1.08%"
"03/30/2022","62.12","62.25","62.53","61.98","5.72M","0.03%"
"03/29/2022","62.10","61.97","62.13","61.70","4.83M","1.17%"
"03/28/2022","61.38","61.18","61.38","60.83","2.20M","-0.70%"
"03/25/2022","61.81","61.84","61.91","61.49","3.16M","-0.72%"
"03/24/2022","62.26","61.82","62.31","61.74","3.96M","0.91%"
"03/23/2022","61.70","62.10","62.27","61.66","5.92M","-0.95%"
"03/22/2022","62.29","62.13","62.41","62.11","3.60M","0.34%"
"03/21/2022","62.08","62.10","62.21","61.76","3.22M","-0.70%"
"03/18/2022","62.52","61.91","62.56","61.70","6.46M","-0.29%"
"03/17/2022","62.70","62.20","62.73","62.02","6.27M","2.10%"
"03/16/2022","61.41","60.51","61.44","60.16","9.10M","2.32%"
"03/15/2022","60.02","59.29","60.06","59.11","4.99M","-0.13%"
"03/14/2022","60.10","60.81","60.98","59.97","4.04M","-0.50%"
"03/11/2022","60.40","61.56","61.59","60.39","5.46M","-1.60%"
"03/10/2022","61.38","61.41","61.61","60.98","5.67M","0.23%"
"03/09/2022","61.24","60.72","61.38","60.63","3.76M","2.55%"
"03/08/2022","59.72","59.46","60.26","59.04","6.96M","0.61%"
"03/07/2022","59.36","60.97","61.14","59.15","5.96M","-4.98%"
"03/04/2022","62.47","62.74","62.87","62.18","3.95M","-1.84%"
"03/03/2022","63.64","64.23","64.29","63.48","3.98M","-1.21%"
"03/02/2022","64.42","63.91","64.59","63.72","4.41M","1.26%"
"03/01/2022","63.62","64.30","64.47","63.34","8.17M","-0.47%"
"02/28/2022","63.92","63.38","64.00","63.23","7.68M","-0.23%"
"02/25/2022","64.07","63.68","64.17","63.40","4.86M","1.28%"
"02/24/2022","63.26","61.76","63.36","61.29","11.22M","-1.69%"
"02/23/2022","64.35","65.29","65.38","64.31","6.22M","-0.54%"
"02/22/2022","64.70","65.01","65.22","64.40","4.56M","-1.16%"
"02/18/2022","65.46","65.58","65.71","65.25","2.40M","0.28%"
"02/17/2022","65.28","65.90","66.01","65.24","3.77M","-1.43%"
"02/16/2022","66.23","65.79","66.38","65.66","2.25M","0.78%"
"02/15/2022","65.72","65.42","65.75","65.37","2.66M","1.73%"
"02/14/2022","64.60","64.80","64.92","64.20","3.31M","-1.01%"
"02/11/2022","65.26","66.52","66.64","65.14","6.04M","-1.05%"
"02/10/2022","65.95","66.09","66.76","65.85","4.07M","-0.45%"
"02/09/2022","66.25","66.05","66.28","65.90","2.72M","1.27%"
"02/08/2022","65.42","65.04","65.46","65.01","1.88M","1.02%"
"02/07/2022","64.76","64.82","65.17","64.67","2.31M","0.43%"
"02/04/2022","64.48","64.16","64.83","63.92","2.87M","-0.17%"
"02/03/2022","64.59","64.37","64.81","64.25","2.37M","-1.22%"
"02/02/2022","65.39","65.43","65.52","64.94","2.25M","0.38%"
"02/01/2022","65.14","65.10","65.14","64.28","2.67M","0.39%"
"01/31/2022","64.89","63.46","65.00","63.40","2.83M","3.41%"
"01/28/2022","62.75","62.40","62.76","61.62","4.88M","0.40%"
"01/27/2022","62.50","63.52","63.72","62.47","5.42M","-2.16%"
"01/26/2022","63.88","64.71","64.94","63.53","5.99M","-0.73%"
"01/25/2022","64.35","64.33","64.86","63.87","6.59M","-0.95%"
"01/24/2022","64.97","64.81","65.00","63.51","8.02M","0.49%"
"01/21/2022","64.65","65.42","65.51","64.62","6.31M","-2.09%"
"01/20/2022","66.03","66.68","67.08","65.99","4.42M","-0.83%"
"01/19/2022","66.58","66.91","67.03","66.53","5.60M","-0.13%"
"01/18/2022","66.67","67.01","67.18","66.66","5.57M","-1.10%"
"01/14/2022","67.41","67.08","67.47","67.04","4.05M","-0.44%"
"01/13/2022","67.71","68.13","68.40","67.69","4.56M","0.39%"
"01/12/2022","67.45","67.40","67.50","67.14","4.02M","0.55%"
"01/11/2022","67.08","66.41","67.15","66.36","4.59M","1.19%"
"01/10/2022","66.29","66.22","66.31","65.84","3.37M","0.23%"
"01/07/2022","66.14","66.23","66.35","65.78","2.64M","-1.24%"
"01/06/2022","66.97","67.02","67.22","66.78","4.25M","0.01%"
"01/05/2022","66.96","67.97","68.01","66.95","4.57M","-1.20%"
"01/04/2022","67.77","67.89","68.08","67.72","3.61M","0.89%"
"01/03/2022","67.17","66.88","67.20","66.73","3.81M","0.84%"
"12/31/2021","66.61","66.59","67.02","66.54","1.34M","-0.19%"
"12/30/2021","66.74","66.56","66.81","66.56","2.47M","-0.36%"
"12/29/2021","66.98","66.99","67.13","66.92","3.07M","0.34%"
"12/28/2021","66.75","67.02","67.09","66.74","2.36M","0.41%"
"12/27/2021","66.48","66.22","66.50","66.13","1.51M","1.14%"
"12/23/2021","65.73","65.53","65.82","65.48","1.83M","0.31%"
"12/22/2021","65.53","64.99","65.56","64.96","2.50M","0.78%"
"12/21/2021","65.02","64.71","65.04","64.55","2.54M","1.67%"
"12/20/2021","63.95","63.77","63.97","63.55","4.41M","-0.87%"
"12/17/2021","64.51","64.62","64.80","64.44","5.53M","0.33%"
"12/16/2021","64.30","64.86","64.98","64.21","5.59M","-0.40%"
"12/15/2021","64.56","63.95","64.58","63.65","5.60M","1.49%"
"12/14/2021","63.61","63.52","63.76","63.37","4.15M","-0.52%"
"12/13/2021","63.94","64.29","64.39","63.92","5.05M","-4.38%"
"12/10/2021","66.87","66.92","66.92","66.67","4.71M","0.28%"
"12/09/2021","66.68","66.90","66.93","66.61","2.23M","-0.66%"
"12/08/2021","67.12","66.79","67.12","66.72","3.47M","-0.06%"
"12/07/2021","67.16","66.82","67.18","66.72","5.36M","1.43%"
"12/06/2021","66.21","66.12","66.29","65.86","4.63M","0.64%"
"12/03/2021","65.79","66.22","66.37","65.58","7.30M","-0.65%"
"12/02/2021","66.22","65.99","66.44","65.91","9.62M","1.28%"
"12/01/2021","65.38","65.93","66.36","65.35","8.51M","1.07%"
"11/30/2021","64.69","64.82","65.09","64.20","8.29M","-0.08%"
"11/29/2021","64.74","64.73","64.79","64.37","5.12M","1.68%"
"11/26/2021","63.67","64.21","64.21","63.49","3.57M","-3.08%"
"11/24/2021","65.69","65.43","65.72","65.36","2.86M","0.12%"
"11/23/2021","65.61","65.71","65.92","65.31","4.75M","-0.64%"
"11/22/2021","66.03","66.36","66.65","66.02","4.29M","-0.26%"
"11/19/2021","66.20","66.26","66.39","66.14","2.80M","-0.68%"
"11/18/2021","66.65","66.36","66.65","66.28","3.16M","0.86%"
"11/17/2021","66.08","66.01","66.21","65.96","2.87M","0.73%"
"11/16/2021","65.60","65.57","65.72","65.52","2.46M","0.21%"
"11/15/2021","65.46","65.70","65.81","65.44","2.98M","0.28%"
"11/12/2021","65.28","65.16","65.39","65.06","2.54M","0.66%"
"11/11/2021","64.85","64.81","65.04","64.76","3.02M","0.53%"
"11/10/2021","64.51","65.10","65.26","64.50","4.10M","-0.86%"
"11/09/2021","65.07","65.33","65.45","64.95","2.75M","0.37%"
"11/08/2021","64.83","64.68","64.92","64.62","2.46M","1.20%"
"11/05/2021","64.06","64.06","64.19","63.77","2.67M","0.85%"
"11/04/2021","63.52","63.26","63.54","63.05","2.87M","-0.42%"
"11/03/2021","63.79","63.19","63.80","63.12","2.65M","0.79%"
"11/02/2021","63.29","63.22","63.38","63.13","1.83M","-0.19%"
"11/01/2021","63.41","63.17","63.41","63.11","2.63M","0.62%"
"10/29/2021","63.02","62.70","63.02","62.63","2.58M","-1.10%"
"10/28/2021","63.72","63.32","63.72","63.24","2.06M","0.95%"
"10/27/2021","63.12","63.36","63.55","63.10","1.75M","-0.03%"
"10/26/2021","63.14","63.47","63.51","62.98","3.26M","0.93%"
"10/25/2021","62.56","62.57","62.66","62.35","2.38M","0.81%"
"10/22/2021","62.06","62.44","62.59","62.02","2.31M","-0.40%"
"10/21/2021","62.31","62.18","62.38","62.07","2.99M","-0.34%"
"10/20/2021","62.52","62.61","62.66","62.43","1.62M","-0.29%"
"10/19/2021","62.70","62.53","62.81","62.46","2.68M","1.69%"
"10/18/2021","61.66","61.40","61.80","61.38","2.00M","-0.36%"
"10/15/2021","61.88","61.66","61.97","61.59","2.61M","1.48%"
"10/14/2021","60.98","60.85","61.02","60.63","5.32M","1.21%"
"10/13/2021","60.25","60.01","60.38","59.92","3.38M","-0.05%"
"10/12/2021","60.28","60.69","60.76","60.19","3.57M","-1.37%"
"10/11/2021","61.12","61.47","61.73","61.10","3.73M","-0.18%"
"10/08/2021","61.23","61.21","61.31","60.98","1.88M","-0.76%"
"10/07/2021","61.70","61.76","61.92","61.60","4.03M","1.87%"
"10/06/2021","60.57","60.02","60.62","59.88","3.25M","-0.30%"
"10/05/2021","60.75","60.69","61.07","60.64","2.36M","0.75%"
"10/04/2021","60.30","61.00","61.02","59.85","4.30M","-2.54%"
"10/01/2021","61.87","61.74","61.97","61.05","4.10M","-0.23%"
"09/30/2021","62.01","62.46","62.70","62.00","4.12M","0.27%"
"09/29/2021","61.84","62.46","62.61","61.81","3.83M","-1.50%"
"09/28/2021","62.78","63.53","63.53","62.69","4.37M","-2.20%"
"09/27/2021","64.19","64.32","64.38","64.10","2.27M","0.33%"
"09/24/2021","63.98","64.10","64.23","63.98","3.25M","-0.37%"
"09/23/2021","64.22","64.04","64.36","63.94","2.73M","1.45%"
"09/22/2021","63.30","63.13","63.76","63.12","4.89M","1.10%"
"09/21/2021","62.61","62.92","62.97","62.48","2.59M","0.55%"
"09/20/2021","62.27","62.28","62.85","61.76","4.64M","-3.14%"
"09/17/2021","64.29","64.69","64.69","64.15","3.76M","-0.63%"
"09/16/2021","64.70","64.65","64.75","64.45","1.86M","-0.77%"
"09/15/2021","65.20","65.05","65.22","64.86","3.21M","0.03%"
"09/14/2021","65.18","65.40","65.52","65.08","2.68M","-0.43%"
"09/13/2021","65.46","65.45","65.47","65.18","2.98M","0.46%"
"09/10/2021","65.16","65.49","65.57","65.11","2.19M","0.79%"
"09/09/2021","64.65","65.06","65.06","64.59","4.78M","0.94%"
"09/08/2021","64.05","64.53","64.55","63.94","6.53M","-1.88%"
"09/07/2021","65.28","65.17","65.41","65.04","2.67M","-0.49%"
"09/03/2021","65.60","65.46","65.69","65.26","1.96M","0.81%"
"09/02/2021","65.07","65.14","65.24","64.91","3.09M","-0.09%"
"09/01/2021","65.13","65.15","65.41","65.00","3.93M","0.26%"
"08/31/2021","64.96","65.06","65.06","64.80","6.63M","0.89%"
"08/30/2021","64.39","64.53","64.57","64.39","4.24M","0.70%"
"08/27/2021","63.94","63.50","63.98","63.44","3.07M","2.14%"
"08/26/2021","62.60","62.67","62.76","62.37","4.80M","-0.76%"
"08/25/2021","63.08","62.80","63.31","62.79","2.96M","1.56%"
"08/24/2021","62.11","61.88","62.24","61.84","2.84M","0.21%"
"08/23/2021","61.98","61.70","62.14","61.63","2.62M","2.21%"
"08/20/2021","60.64","60.19","60.68","60.08","2.68M","0.60%"
"08/19/2021","60.28","59.96","60.55","59.88","3.31M","-2.02%"
"08/18/2021","61.52","61.84","62.04","61.48","4.09M","1.55%"
"08/17/2021","60.58","60.96","61.05","60.23","5.91M","-2.98%"
"08/16/2021","62.44","62.20","62.44","61.97","4.22M","-0.53%"
"08/13/2021","62.77","62.71","62.77","62.42","3.04M","-1.26%"
"08/12/2021","63.57","63.40","63.60","63.13","3.59M","-0.34%"
"08/11/2021","63.79","63.73","63.81","63.45","3.07M","0.02%"
"08/10/2021","63.78","64.17","64.17","63.56","2.76M","-0.95%"
"08/09/2021","64.39","64.59","64.65","64.34","2.63M","-0.46%"
"08/08/2021","64.69","64.69","64.69","64.69","","0.00%"
"08/07/2021","64.69","64.69","64.69","64.69","","0.00%"
"08/06/2021","64.69","64.74","64.79","64.47","1.89M","-0.89%"
"08/05/2021","65.27","65.06","65.30","64.98","1.47M","0.37%"
"08/04/2021","65.03","65.03","65.25","64.89","2.53M","0.98%"
"08/03/2021","64.40","64.19","64.43","63.97","1.68M","1.04%"
"08/02/2021","63.74","64.10","64.24","63.70","3.00M","0.24%"
"07/30/2021","63.59","63.46","63.76","63.36","2.54M","-0.73%"
"07/29/2021","64.06","63.76","64.06","63.68","2.87M","1.68%"
"07/28/2021","63.00","62.53","63.06","62.25","4.14M","1.04%"
"07/27/2021","62.35","62.73","62.74","61.92","4.03M","-1.49%"
"07/26/2021","63.29","62.91","63.29","62.85","3.04M","-0.67%"
"07/23/2021","63.72","63.53","63.77","63.38","2.02M","-0.05%"
"07/22/2021","63.75","63.78","63.81","63.51","3.59M","-0.05%"
"07/21/2021","63.78","63.30","63.80","63.11","4.35M","0.14%"
"07/20/2021","63.69","63.26","63.82","63.01","3.42M","0.27%"
"07/19/2021","63.52","63.51","63.64","63.12","5.31M","-1.43%"
"07/16/2021","64.44","64.91","65.03","64.34","2.65M","-0.34%"
"07/15/2021","64.66","64.82","64.88","64.39","2.78M","-0.22%"
"07/14/2021","64.80","64.90","64.93","64.63","2.84M","0.53%"
"07/13/2021","64.46","64.53","64.83","64.41","2.79M","-0.34%"
"07/12/2021","64.68","64.38","64.72","64.19","1.95M","0.34%"
"07/09/2021","64.46","64.00","64.46","63.88","3.26M","1.35%"
"07/08/2021","63.60","63.49","63.80","63.40","3.56M","-1.40%"
"07/07/2021","64.50","64.64","64.69","64.21","3.79M","0.12%"
"07/06/2021","64.42","64.50","64.53","64.08","2.95M","0.41%"
"07/05/2021","64.16","64.16","64.16","64.16","","0.00%"
"07/04/2021","64.16","64.16","64.16","64.16","","0.00%"
"07/03/2021","64.16","64.16","64.16","64.16","","0.00%"
"07/02/2021","64.16","63.81","64.18","63.74","2.35M","0.49%"
"07/01/2021","63.85","63.89","63.93","63.51","2.51M","-0.16%"
"06/30/2021","63.95","63.90","64.08","63.84","2.48M","0.20%"
"06/29/2021","63.82","63.65","63.84","63.48","2.45M","-0.34%"
"06/28/2021","64.04","63.69","64.04","63.66","3.59M","0.80%"
"06/25/2021","63.53","63.63","63.63","63.27","2.89M","0.43%"
"06/24/2021","63.26","63.07","63.30","62.95","3.82M","0.96%"
"06/23/2021","62.66","62.70","62.94","62.62","2.78M","0.95%"
"06/22/2021","62.07","61.74","62.15","61.51","3.45M","-0.97%"
"06/21/2021","62.68","62.25","62.71","61.98","3.83M","0.21%"
"06/18/2021","62.55","62.74","62.85","62.51","3.37M","-1.50%"
"06/17/2021","63.50","63.43","63.64","63.31","3.92M","0.75%"
"06/16/2021","63.03","63.72","63.81","62.78","2.00M","-0.99%"
"06/15/2021","63.66","63.92","63.92","63.53","2.03M","0.09%"
"06/14/2021","63.60","63.47","63.73","63.34","1.55M","0.13%"
"06/11/2021","63.52","63.55","63.55","63.35","1.98M","0.05%"
"06/10/2021","63.49","63.31","63.61","63.20","1.86M","1.23%"
"06/09/2021","62.72","62.61","62.84","62.51","2.07M","-0.25%"
"06/08/2021","62.88","63.07","63.07","62.67","1.97M","-0.71%"
"06/07/2021","63.33","63.34","63.39","63.02","1.83M","-0.78%"
"06/04/2021","63.83","63.42","63.83","63.38","2.07M","1.01%"
"06/03/2021","63.19","63.11","63.34","62.94","2.35M","-0.46%"
"06/02/2021","63.48","63.64","63.67","63.30","2.59M","-0.70%"
"06/01/2021","63.93","64.01","64.07","63.73","3.00M","2.52%"
"05/28/2021","62.36","62.36","62.63","62.21","2.52M","1.61%"
"05/27/2021","61.37","61.55","61.68","61.29","3.70M","-0.26%"
"05/26/2021","61.53","61.29","61.71","61.29","4.02M","0.42%"
"05/25/2021","61.27","61.23","61.44","61.02","3.16M","0.92%"
"05/24/2021","60.71","60.26","60.83","60.18","3.26M","2.59%"
"05/21/2021","59.18","60.09","60.18","59.08","4.45M","-1.28%"
"05/20/2021","59.95","59.55","59.99","59.39","3.37M","0.79%"
"05/19/2021","59.48","58.73","59.50","58.65","4.04M","-0.67%"
"05/18/2021","59.88","59.60","60.27","59.60","5.27M","5.27%"
"05/17/2021","56.88","56.38","56.91","56.20","4.69M","-3.36%"
"05/14/2021","58.86","58.68","59.04","58.54","3.65M","1.33%"
"05/13/2021","58.09","57.79","58.28","57.66","5.79M","2.16%"
"05/12/2021","56.86","57.44","57.72","56.70","6.11M","-6.11%"
"05/11/2021","60.56","59.58","60.67","59.57","7.15M","-3.98%"
"05/10/2021","63.07","63.83","63.88","63.02","3.80M","-2.16%"
"05/07/2021","64.46","64.15","64.68","63.73","5.72M","2.30%"
"05/06/2021","63.01","62.60","63.01","62.49","3.50M","1.61%"
"05/05/2021","62.01","61.89","62.09","61.73","3.24M","0.10%"
"05/04/2021","61.95","62.13","62.18","61.41","4.06M","-2.95%"
"05/03/2021","63.83","63.84","63.97","63.68","3.73M","-1.10%"
"04/30/2021","64.54","64.73","64.78","64.25","3.65M","-1.22%"
"04/29/2021","65.34","65.52","65.58","65.05","4.98M","0.38%"
"04/28/2021","65.09","64.86","65.30","64.64","2.56M","0.12%"
"04/27/2021","65.01","65.06","65.09","64.84","2.70M","-0.35%"
"04/26/2021","65.24","65.12","65.38","65.08","4.97M","2.23%"
"04/23/2021","63.82","63.43","63.88","63.43","2.20M","1.87%"
"04/22/2021","62.65","63.02","63.05","62.47","3.82M","-1.26%"
"04/21/2021","63.45","63.00","63.53","62.95","2.10M","0.76%"
"04/20/2021","62.97","63.12","63.30","62.88","3.69M","0.13%"
"04/19/2021","62.89","63.00","63.12","62.80","3.99M","1.01%"
"04/16/2021","62.26","62.25","62.39","62.16","2.59M","0.48%"
"04/15/2021","61.96","61.97","62.17","61.88","5.99M","1.86%"
"04/14/2021","60.83","60.95","61.11","60.77","4.04M","0.08%"
"04/13/2021","60.78","60.65","60.87","60.62","3.55M","-0.12%"
"04/12/2021","60.85","60.87","60.90","60.58","2.42M","-0.08%"
"04/09/2021","60.90","60.85","60.97","60.66","1.74M","-0.38%"
"04/08/2021","61.13","61.04","61.24","61.03","1.82M","1.29%"
"04/07/2021","60.35","60.49","60.55","60.25","1.79M","-0.35%"
"04/06/2021","60.56","60.46","60.69","60.32","2.09M","-0.02%"
"04/05/2021","60.57","60.58","60.78","60.42","3.09M","0.43%"
"04/01/2021","60.31","60.11","60.43","60.08","2.57M","0.58%"
"03/31/2021","59.96","59.75","60.05","59.66","5.79M","0.03%"
"03/30/2021","59.94","59.89","60.03","59.72","3.84M","0.72%"
"03/29/2021","59.51","59.55","59.74","59.24","4.11M","0.30%"
"03/26/2021","59.33","58.78","59.41","58.69","4.78M","2.24%"
"03/25/2021","58.03","57.64","58.13","57.64","6.36M","0.78%"
"03/24/2021","57.58","57.98","58.08","57.55","4.17M","-0.72%"
"03/23/2021","58.00","58.33","58.45","57.90","3.94M","-1.31%"
"03/22/2021","58.77","58.35","58.88","58.33","5.51M","1.05%"
"03/19/2021","58.16","57.53","58.19","57.48","3.85M","0.62%"
"03/18/2021","57.80","58.46","58.58","57.77","3.60M","-1.73%"
"03/17/2021","58.82","58.45","58.99","58.20","4.28M","-0.41%"
"03/16/2021","59.06","59.12","59.25","58.83","3.03M","0.51%"
"03/15/2021","58.76","58.64","58.80","58.37","2.30M","0.69%"
"03/12/2021","58.36","58.28","58.40","58.03","3.91M","-1.19%"
"03/11/2021","59.06","58.66","59.07","58.51","2.78M","3.04%"
"03/10/2021","57.32","57.73","57.74","57.17","4.55M","-0.45%"
"03/09/2021","57.58","57.14","57.76","57.14","5.40M","1.02%"
"03/08/2021","57.00","57.42","57.56","56.96","4.79M","-1.79%"
"03/05/2021","58.04","58.22","58.22","57.16","6.30M","1.04%"
"03/04/2021","57.44","58.25","58.66","57.15","5.12M","-2.15%"
"03/03/2021","58.70","59.30","59.40","58.70","4.12M","-0.19%"
"03/02/2021","58.81","58.95","58.97","58.57","3.04M","-1.46%"
"03/01/2021","59.68","59.27","59.94","59.26","3.16M","2.10%"
"02/26/2021","58.45","58.58","58.68","57.89","5.01M","-1.43%"
"02/25/2021","59.30","60.36","60.47","59.18","6.24M","-1.67%"
"02/24/2021","60.31","59.62","60.33","59.44","3.27M","0.67%"
"02/23/2021","59.91","59.70","60.06","59.32","3.69M","0.52%"
"02/22/2021","59.60","59.68","60.10","59.54","3.26M","-0.75%"
"02/19/2021","60.05","60.09","60.42","59.94","2.40M","0.79%"
"02/18/2021","59.58","59.61","59.75","59.22","2.65M","-0.40%"
"02/17/2021","59.82","59.78","59.91","59.59","2.97M","-0.13%"
"02/16/2021","59.90","60.06","60.20","59.80","1.88M","0.91%"
"02/12/2021","59.36","59.35","59.55","59.16","2.52M","-0.05%"
"02/11/2021","59.39","59.13","59.51","59.10","2.90M","1.07%"
"02/10/2021","58.76","59.16","59.26","58.63","2.83M","0.07%"
"02/09/2021","58.72","58.26","58.80","58.26","2.36M","0.53%"
"02/08/2021","58.41","57.93","58.44","57.81","2.35M","0.74%"
"02/05/2021","57.98","57.90","58.01","57.62","2.44M","0.22%"
"02/04/2021","57.85","57.74","57.85","57.48","3.05M","0.38%"
"02/03/2021","57.63","57.82","57.93","57.55","3.48M","-0.50%"
"02/02/2021","57.92","57.76","58.09","57.71","4.66M","2.31%"
"02/01/2021","56.61","56.39","56.72","56.19","2.49M","2.29%"
"01/29/2021","55.34","55.66","55.88","55.19","4.33M","-3.10%"
"01/28/2021","57.11","56.63","57.21","56.50","3.67M","0.85%"
"01/27/2021","56.63","57.02","57.23","56.59","4.30M","-1.74%"
"01/26/2021","57.63","57.62","57.66","57.39","2.63M","-1.17%"
"01/25/2021","58.31","58.29","58.45","57.81","2.83M","-0.29%"
"01/22/2021","58.48","58.12","58.50","58.07","3.17M","-0.37%"
"01/21/2021","58.70","58.64","58.80","58.49","3.65M","1.73%"
"01/20/2021","57.70","57.68","57.74","57.46","2.99M","-0.02%"
"01/19/2021","57.71","57.96","57.98","57.70","4.05M","0.93%"
"01/15/2021","57.18","57.33","57.36","56.86","3.23M","-1.69%"
"01/14/2021","58.16","57.86","58.56","57.75","4.41M","1.31%"
"01/13/2021","57.41","57.61","57.66","57.24","5.63M","1.29%"
"01/12/2021","56.68","56.64","56.80","56.46","2.22M","0.28%"
"01/11/2021","56.52","56.46","56.71","56.36","2.77M","0.44%"
"01/08/2021","56.27","56.56","56.60","55.91","4.28M","0.72%"
"01/07/2021","55.87","55.51","55.91","55.41","4.76M","1.77%"
"01/06/2021","54.90","54.35","55.03","54.32","6.58M","-0.05%"
"01/05/2021","54.93","54.66","55.03","54.59","5.83M","2.14%"
"01/04/2021","53.78","54.17","54.33","53.55","4.04M","1.32%"
"12/31/2020","53.08","53.38","53.38","52.99","2.00M","-0.45%"
"12/30/2020","53.32","53.37","53.52","53.30","2.08M","1.48%"
"12/29/2020","52.54","52.58","52.60","52.46","2.87M","0.23%"
"12/28/2020","52.42","52.55","52.61","52.39","3.03M","0.94%"
"12/24/2020","51.93","51.71","51.96","51.60","1.15M","1.19%"
"12/23/2020","51.32","51.27","51.42","51.22","2.08M","0.51%"
"12/22/2020","51.06","51.26","51.27","51.03","4.41M","-1.14%"
"12/21/2020","51.65","51.43","51.82","51.37","2.49M","0.16%"
"12/18/2020","51.57","51.60","51.64","51.48","3.20M","-0.31%"
"12/17/2020","51.73","51.61","51.74","51.58","2.15M","-0.31%"
"12/16/2020","51.89","51.87","51.99","51.75","3.44M","0.80%"
"12/15/2020","51.48","51.41","51.52","51.19","3.86M","0.39%"
"12/14/2020","51.28","51.35","51.40","51.25","1.84M","-1.82%"
"12/11/2020","52.23","52.28","52.37","52.06","2.82M","-0.17%"
"12/10/2020","52.32","51.84","52.37","51.80","4.14M","-0.11%"
"12/09/2020","52.38","52.92","52.96","52.16","3.52M","-0.44%"
"12/08/2020","52.61","52.78","52.80","52.55","4.45M","0.57%"
"12/07/2020","52.31","52.38","52.41","52.21","1.79M","0.23%"
"12/04/2020","52.19","52.08","52.26","52.01","3.91M","1.91%"
"12/03/2020","51.21","51.43","51.59","51.15","3.89M","1.11%"
"12/02/2020","50.65","50.76","50.78","50.53","4.65M","0.64%"
"12/01/2020","50.33","50.07","50.47","49.91","3.21M","1.76%"
"11/30/2020","49.46","49.71","49.88","49.41","7.56M","-1.61%"
"11/27/2020","50.27","50.30","50.43","50.19","1.92M","0.78%"
"11/25/2020","49.88","49.71","49.88","49.62","3.25M","-0.93%"
"11/24/2020","50.35","50.21","50.38","49.95","1.71M","0.24%"
"11/23/2020","50.23","50.25","50.30","50.04","3.15M","0.96%"
"11/20/2020","49.75","49.77","49.90","49.74","2.27M","-0.16%"
"11/19/2020","49.83","49.74","49.84","49.63","2.77M","0.04%"
"11/18/2020","49.81","50.08","50.13","49.81","3.17M","0.79%"
"11/17/2020","49.42","49.30","49.54","49.21","4.27M","-0.02%"
"11/16/2020","49.43","49.24","49.75","49.03","4.02M","1.88%"
"11/13/2020","48.52","48.23","48.54","48.22","4.28M","1.34%"
"11/12/2020","47.88","48.12","48.17","47.81","4.53M","-0.40%"
"11/11/2020","48.07","48.03","48.16","47.94","5.80M","1.50%"
"11/10/2020","47.36","47.47","47.67","47.24","4.72M","-0.53%"
"11/09/2020","47.61","48.36","48.38","47.60","4.69M","0.93%"
"11/06/2020","47.17","47.02","47.26","47.01","4.68M","0.06%"
"11/05/2020","47.14","47.06","47.21","46.89","4.86M","0.75%"
"11/04/2020","46.79","46.48","46.94","46.34","5.84M","1.52%"
"11/03/2020","46.09","46.01","46.19","45.97","3.32M","1.16%"
"11/02/2020","45.56","45.51","45.67","45.33","3.86M","0.89%"
"10/30/2020","45.16","45.32","45.32","45.01","4.40M","-0.68%"
"10/29/2020","45.47","45.37","45.61","45.26","4.30M","-0.11%"
"10/28/2020","45.52","45.65","45.81","45.38","5.13M","-2.00%"
"10/27/2020","46.45","46.48","46.48","46.32","3.24M","0.32%"
"10/26/2020","46.30","46.33","46.55","46.04","4.94M","-0.39%"
"10/23/2020","46.48","46.36","46.50","46.23","2.84M","0.37%"
"10/22/2020","46.31","46.46","46.49","46.20","4.48M","0.46%"
"10/21/2020","46.10","46.09","46.24","46.02","4.41M","0.02%"
"10/20/2020","46.09","45.98","46.28","45.92","4.68M","0.46%"
"10/19/2020","45.88","46.20","46.25","45.81","4.27M","0.46%"
"10/16/2020","45.67","45.78","45.83","45.60","5.01M","-0.41%"
"10/15/2020","45.86","45.66","45.95","45.62","4.65M","-0.43%"
"10/14/2020","46.06","46.25","46.25","45.98","4.12M","-0.69%"
"10/13/2020","46.38","46.42","46.45","46.19","4.39M","-0.58%"
"10/12/2020","46.65","46.63","46.69","46.43","7.39M","-0.26%"
"10/09/2020","46.77","46.49","46.81","46.38","3.62M","0.82%"
"10/08/2020","46.39","46.50","46.52","46.30","3.03M","0.50%"
"10/07/2020","46.16","45.98","46.27","45.98","4.87M","1.58%"
"10/06/2020","45.44","45.65","45.70","45.28","4.26M","0.00%"
"10/05/2020","45.44","45.09","45.44","45.05","4.72M","1.05%"
"10/04/2020","44.97","44.97","44.97","44.97","","0.00%"
"10/03/2020","44.97","44.97","44.97","44.97","","0.00%"
"10/02/2020","44.97","44.81","45.24","44.80","3.10M","-1.32%"
"10/01/2020","45.57","45.31","45.61","45.28","3.49M","1.49%"
"09/30/2020","44.90","44.75","45.05","44.67","6.14M","1.08%"
"09/29/2020","44.42","44.33","44.59","44.23","4.41M","0.25%"
"09/28/2020","44.31","44.33","44.37","44.11","2.95M","2.29%"
"09/27/2020","43.32","43.32","43.32","43.32","","0.00%"
"09/26/2020","43.32","43.32","43.32","43.32","","0.00%"
"09/25/2020","43.32","43.13","43.35","42.85","4.88M","0.28%"
"09/24/2020","43.20","42.64","43.45","42.55","8.70M","-1.57%"
"09/23/2020","43.89","44.51","44.57","43.84","9.23M","-1.88%"
"09/22/2020","44.73","44.73","44.79","44.36","5.39M","-0.91%"
"09/21/2020","45.14","44.77","45.16","44.65","3.48M","-0.44%"
"09/18/2020","45.34","45.61","45.69","45.32","3.48M","-0.20%"
"09/17/2020","45.43","45.23","45.47","45.15","5.21M","-0.42%"
"09/16/2020","45.62","45.80","45.90","45.59","7.19M","0.00%"
"09/15/2020","45.62","45.50","45.77","45.41","6.06M","1.27%"
"09/14/2020","45.05","44.96","45.12","44.96","5.05M","1.58%"
"09/13/2020","44.35","44.35","44.35","44.35","","0.00%"
"09/11/2020","44.35","44.48","44.58","44.22","7.72M","0.18%"
"09/10/2020","44.27","44.71","44.78","44.26","7.61M","-0.52%"
"09/09/2020","44.50","44.36","44.60","44.34","6.16M","0.75%"
"09/08/2020","44.17","44.21","44.49","44.14","5.03M","-0.14%"
"09/04/2020","44.23","44.30","44.49","43.84","6.36M","0.16%"
"09/03/2020","44.16","44.72","44.72","43.90","7.85M","-1.49%"
"09/02/2020","44.83","44.67","44.92","44.32","10.49M","0.52%"
"09/01/2020","44.60","44.42","44.62","44.35","4.49M","1.48%"
"08/31/2020","43.95","43.89","44.06","43.65","5.29M","-2.07%"
"08/30/2020","44.88","44.88","44.88","44.88","","0.00%"
"08/28/2020","44.88","44.61","44.88","44.52","3.82M","0.40%"
"08/27/2020","44.70","45.07","45.08","44.55","3.67M","-1.28%"
"08/26/2020","45.28","45.13","45.35","45.10","2.33M","0.60%"
"08/25/2020","45.01","44.79","45.03","44.78","2.97M","0.92%"
"08/24/2020","44.60","44.71","44.77","44.43","2.45M","0.56%"
"08/23/2020","44.35","44.35","44.35","44.35","","0.00%"
"08/22/2020","44.35","44.35","44.35","44.35","","0.00%"
"08/21/2020","44.35","44.19","44.35","44.10","2.98M","0.91%"
"08/20/2020","43.95","43.39","43.97","43.22","6.92M","-2.03%"
"08/19/2020","44.86","45.12","45.20","44.81","4.44M","-1.41%"
"08/18/2020","45.50","45.48","45.53","45.19","3.71M","-0.94%"
"08/17/2020","45.93","45.76","46.03","45.75","2.95M","1.73%"
"08/14/2020","45.15","45.12","45.28","45.06","4.08M","0.33%"
"08/13/2020","45.00","45.02","45.08","44.82","3.93M","-0.90%"
"08/12/2020","45.41","45.19","45.51","45.15","4.24M","1.00%"
"08/11/2020","44.96","45.18","45.34","44.88","4.57M","-1.17%"
"08/10/2020","45.49","45.40","45.51","45.19","2.79M","0.57%"
"08/09/2020","45.23","45.23","45.23","45.23","","0.00%"
"08/08/2020","45.23","45.23","45.23","45.23","","0.00%"
"08/07/2020","45.23","45.32","45.38","45.06","4.07M","-1.16%"
"08/06/2020","45.76","45.56","45.80","45.45","3.83M","0.26%"
"08/05/2020","45.64","45.57","45.84","45.46","6.31M","1.09%"
"08/04/2020","45.15","44.88","45.15","44.87","3.32M","1.64%"
"08/03/2020","44.42","44.25","44.46","44.17","3.56M","-0.40%"
"08/02/2020","44.60","44.60","44.60","44.60","","0.00%"
"07/31/2020","44.60","44.84","44.86","44.23","6.30M","-0.45%"
"07/30/2020","44.80","44.72","44.88","44.34","4.95M","-1.06%"
"07/29/2020","45.28","44.65","45.34","44.56","7.95M","2.54%"
"07/28/2020","44.16","44.79","44.79","44.15","7.02M","-3.48%"
"07/27/2020","45.75","45.22","45.77","45.01","8.28M","4.21%"
"07/26/2020","43.90","43.90","43.90","43.90","","0.00%"
"07/25/2020","43.90","43.90","43.90","43.90","","0.00%"
"07/24/2020","43.90","43.37","44.15","43.30","11.08M","1.27%"
"07/23/2020","43.35","43.51","43.70","43.22","4.25M","-0.85%"
"07/22/2020","43.72","43.71","43.76","43.53","4.37M","0.48%"
"07/21/2020","43.51","43.82","43.82","43.49","5.42M","1.14%"
"07/20/2020","43.02","42.87","43.05","42.73","2.36M","0.33%"
"07/17/2020","42.88","42.92","42.96","42.72","2.94M","0.23%"
"07/16/2020","42.78","42.56","42.79","42.51","5.08M","-0.26%"
"07/15/2020","42.89","43.07","43.13","42.78","5.80M","-0.14%"
"07/14/2020","42.95","42.60","42.99","42.57","5.39M","0.80%"
"07/13/2020","42.61","42.69","43.08","42.50","8.30M","0.95%"
"07/12/2020","42.21","42.21","42.21","42.21","","0.00%"
"07/11/2020","42.21","42.21","42.21","42.21","","0.00%"
"07/10/2020","42.21","42.33","42.34","42.08","6.03M","-1.31%"
"07/09/2020","42.77","42.81","42.84","42.48","6.01M","-0.02%"
"07/08/2020","42.78","42.56","42.80","42.47","2.76M","1.69%"
"07/07/2020","42.07","42.10","42.36","42.03","3.89M","-1.08%"
"07/06/2020","42.53","42.27","42.53","42.19","3.81M","2.83%"
"07/05/2020","41.36","41.36","41.36","41.36","","0.00%"
"07/04/2020","41.36","41.36","41.36","41.36","","0.00%"
"07/02/2020","41.36","41.30","41.55","41.12","3.99M","1.65%"
"07/01/2020","40.69","40.52","40.79","40.51","5.51M","1.17%"
"06/30/2020","40.22","40.19","40.30","40.04","5.49M","-0.02%"
"06/29/2020","40.23","40.06","40.27","39.95","3.55M","0.78%"
"06/26/2020","39.92","40.22","40.28","39.84","3.98M","-0.72%"
"06/25/2020","40.21","39.84","40.23","39.79","3.70M","0.32%"
"06/24/2020","40.08","40.16","40.30","39.90","6.25M","-0.50%"
"06/23/2020","40.28","40.24","40.44","40.22","3.58M","0.47%"
"06/22/2020","40.09","39.73","40.12","39.73","4.49M","1.24%"
"06/19/2020","39.60","40.01","40.01","39.52","6.81M","-0.55%"
"06/18/2020","39.82","39.76","39.84","39.61","5.25M","0.03%"
"06/17/2020","39.81","39.72","39.87","39.65","5.31M","1.14%"
"06/16/2020","39.36","39.70","39.70","39.07","6.73M","0.54%"
"06/15/2020","39.15","38.68","39.28","38.57","5.21M","-0.53%"
"06/12/2020","39.36","39.47","39.56","39.01","7.75M","1.52%"
"06/11/2020","38.77","39.40","39.59","38.75","7.45M","-4.27%"
"06/10/2020","40.50","40.32","40.62","40.24","6.69M","1.28%"
"06/09/2020","39.99","39.65","40.02","39.59","4.05M","-0.12%"
"06/08/2020","40.04","39.81","40.04","39.59","3.55M","0.65%"
"06/07/2020","39.78","39.78","39.78","39.78","","0.00%"
"06/05/2020","39.78","39.83","39.95","39.68","5.11M","2.68%"
"06/04/2020","38.74","38.99","38.99","38.61","7.62M","-1.02%"
"06/03/2020","39.14","38.83","39.19","38.79","5.96M","2.22%"
"06/02/2020","38.29","38.09","38.41","38.08","6.13M","1.24%"
"06/01/2020","37.82","37.39","37.84","37.39","4.02M","1.72%"
"05/29/2020","37.18","37.00","37.33","36.86","9.05M","0.51%"
"05/28/2020","36.99","37.21","37.38","36.94","4.19M","-0.80%"
"05/27/2020","37.29","37.37","37.50","37.07","5.21M","0.11%"
"05/26/2020","37.25","37.40","37.50","37.22","6.45M","2.17%"
"05/22/2020","36.46","36.73","36.73","36.45","4.46M","-1.70%"
"05/21/2020","37.09","37.41","37.44","37.03","4.52M","-0.19%"
"05/20/2020","37.16","37.15","37.28","37.06","3.95M","0.60%"
"05/19/2020","36.94","37.05","37.17","36.94","3.06M","-1.04%"
"05/18/2020","37.33","36.86","37.43","36.86","5.08M","2.41%"
"05/15/2020","36.45","36.52","36.63","36.36","5.39M","-1.86%"
"05/14/2020","37.14","36.34","37.16","36.28","7.18M","0.57%"
"05/13/2020","36.93","37.31","37.38","36.78","6.09M","-0.11%"
"05/12/2020","36.97","37.24","37.35","36.95","4.66M","-0.80%"
"05/11/2020","37.27","37.21","37.40","37.12","3.43M","-0.05%"
"05/10/2020","37.29","37.29","37.29","37.29","","0.00%"
"05/09/2020","37.29","37.29","37.29","37.29","","0.00%"
"05/08/2020","37.29","37.12","37.38","37.09","4.28M","0.97%"
"05/07/2020","36.93","36.89","36.99","36.73","3.49M","1.15%"
"05/06/2020","36.51","36.76","36.79","36.45","3.07M","-0.49%"
"05/05/2020","36.69","36.82","36.93","36.65","3.68M","0.00%"
"05/04/2020","36.69","36.37","36.69","36.35","3.10M","1.89%"
"05/03/2020","36.01","36.01","36.01","36.01","","0.00%"
"05/02/2020","36.01","36.01","36.01","36.01","","0.00%"
"05/01/2020","36.01","36.37","36.52","35.96","4.33M","-2.75%"
"04/30/2020","37.03","37.29","37.40","36.85","4.00M","-0.40%"
"04/29/2020","37.18","36.87","37.23","36.85","3.60M","2.57%"
"04/28/2020","36.25","36.45","36.51","36.24","3.79M","0.14%"
"04/27/2020","36.20","36.04","36.22","35.93","2.40M","2.38%"
"04/24/2020","35.36","35.30","35.38","35.09","2.59M","0.63%"
"04/23/2020","35.14","35.30","35.48","35.07","2.66M","0.00%"
"04/22/2020","35.14","35.19","35.27","35.11","3.65M","1.65%"
"04/21/2020","34.57","34.78","34.81","34.51","4.48M","-2.92%"
"04/20/2020","35.61","35.77","35.88","35.55","3.34M","-1.33%"
"04/17/2020","36.09","36.21","36.21","35.94","3.77M","1.58%"
"04/16/2020","35.53","35.54","35.73","35.45","5.64M","1.49%"
"04/15/2020","35.01","35.07","35.18","34.91","3.92M","-1.30%"
"04/14/2020","35.47","35.35","35.60","35.32","6.00M","3.02%"
"04/13/2020","34.43","34.39","34.49","34.30","3.75M","0.50%"
"04/09/2020","34.26","34.66","34.77","34.17","5.96M","-0.93%"
"04/08/2020","34.58","34.46","34.66","34.25","4.73M","0.88%"
"04/07/2020","34.28","34.93","34.96","34.27","7.19M","0.59%"
"04/06/2020","34.08","33.56","34.14","33.52","4.20M","4.73%"
"04/03/2020","32.54","33.08","33.16","32.42","3.63M","-1.63%"
"04/02/2020","33.08","32.54","33.12","32.48","5.89M","2.76%"
"04/01/2020","32.19","32.35","32.55","32.12","3.64M","-2.37%"
"03/31/2020","32.97","33.00","33.22","32.77","3.76M","-0.69%"
"03/30/2020","33.20","32.73","33.20","32.57","4.68M","2.31%"
"03/28/2020","32.45","32.45","32.45","32.45","","0.00%"
"03/27/2020","32.45","32.56","32.87","32.24","4.80M","-4.81%"
"03/26/2020","34.09","33.14","34.13","33.14","9.34M","1.67%"
"03/25/2020","33.53","33.31","33.90","32.96","7.44M","2.82%"
"03/24/2020","32.61","32.40","32.64","32.19","6.80M","6.74%"
"03/23/2020","30.55","31.09","31.11","30.23","7.97M","-0.81%"
"03/21/2020","30.80","30.80","30.80","30.80","","0.00%"
"03/20/2020","30.80","31.74","31.95","30.69","10.86M","4.48%"
"03/19/2020","29.48","29.63","29.82","29.15","9.98M","-1.27%"
"03/18/2020","29.86","29.70","30.53","29.37","7.72M","-7.84%"
"03/17/2020","32.40","31.33","32.47","31.04","5.94M","4.05%"
"03/16/2020","31.14","31.50","32.50","31.00","6.68M","-10.88%"
"03/14/2020","34.94","34.94","34.94","34.94","","0.00%"
"03/13/2020","34.94","35.38","35.66","33.54","14.20M","5.27%"
"03/12/2020","33.19","34.43","34.43","33.09","21.06M","-9.56%"
"03/11/2020","36.70","37.18","37.18","36.67","11.39M","-2.88%"
"03/10/2020","37.79","37.45","37.87","37.13","14.55M","2.75%"
"03/09/2020","36.78","36.68","37.36","36.44","11.39M","-4.19%"
"03/06/2020","38.39","38.18","38.43","38.03","9.78M","-1.59%"
"03/05/2020","39.01","39.03","39.26","38.89","13.79M","-0.61%"
"03/04/2020","39.25","39.16","39.27","39.00","8.54M","1.74%"
"03/03/2020","38.58","38.86","39.20","38.41","17.14M","-0.39%"
"03/02/2020","38.73","37.95","38.75","37.86","13.74M","3.50%"
"02/28/2020","37.42","36.60","37.54","36.31","19.85M","-0.56%"
"02/27/2020","37.63","38.16","38.26","37.61","13.21M","-2.16%"
"02/26/2020","38.46","38.59","38.82","38.38","9.17M","1.02%"
"02/25/2020","38.07","38.90","38.97","38.07","10.25M","-0.13%"
"02/24/2020","38.12","38.02","38.34","37.90","6.70M","-2.76%"
"02/21/2020","39.20","39.32","39.40","39.18","5.95M","-0.48%"
"02/20/2020","39.39","39.58","39.67","39.19","7.38M","-2.14%"
"02/19/2020","40.25","40.18","40.30","40.14","4.11M","1.33%"
"02/18/2020","39.72","39.75","39.84","39.67","3.64M","-1.49%"
"02/17/2020","40.32","40.32","40.32","40.32","","0.00%"
"02/14/2020","40.32","40.48","40.48","40.19","3.34M","-0.27%"
"02/13/2020","40.43","40.39","40.55","40.27","4.45M","-0.59%"
"02/12/2020","40.67","40.60","40.76","40.51","4.25M","1.45%"
"02/11/2020","40.09","40.11","40.30","40.05","4.70M","0.80%"
"02/10/2020","39.77","39.45","39.77","39.41","3.68M","1.17%"
"02/07/2020","39.31","39.40","39.45","39.22","4.54M","-1.87%"
"02/06/2020","40.06","40.15","40.16","39.95","4.26M","0.28%"
"02/05/2020","39.95","40.20","40.20","39.84","5.17M","0.55%"
"02/04/2020","39.73","39.58","39.85","39.57","6.03M","3.19%"
"02/03/2020","38.50","38.40","38.62","38.40","4.59M","1.42%"
"01/31/2020","37.96","38.39","38.40","37.78","8.58M","-1.89%"
"01/30/2020","38.69","38.41","38.74","38.23","7.64M","-2.72%"
"01/29/2020","39.77","39.72","39.87","39.57","4.64M","0.58%"
"01/28/2020","39.54","39.27","39.57","39.16","6.33M","0.76%"
"01/27/2020","39.24","39.17","39.51","38.95","7.48M","-3.30%"
"01/24/2020","40.58","40.85","40.87","40.45","4.29M","-0.42%"
"01/23/2020","40.75","40.66","40.84","40.31","3.80M","-1.14%"
"01/22/2020","41.22","41.20","41.27","41.09","3.22M","0.93%"
"01/21/2020","40.84","40.86","41.13","40.77","4.98M","-1.69%"
"01/17/2020","41.54","41.53","41.57","41.40","2.93M","0.10%"
"01/16/2020","41.50","41.48","41.57","41.38","5.98M","0.58%"
"01/15/2020","41.26","41.48","41.48","41.18","4.11M","-1.20%"
"01/14/2020","41.76","41.68","41.77","41.60","3.58M","-0.12%"
"01/13/2020","41.81","41.49","41.82","41.44","2.87M","1.73%"
"01/10/2020","41.10","41.10","41.13","40.99","3.78M","0.39%"
"01/09/2020","40.94","41.08","41.12","40.88","6.34M","0.81%"
"01/08/2020","40.61","40.40","40.78","40.33","4.29M","0.02%"
"01/07/2020","40.60","40.46","40.60","40.34","5.35M","-0.47%"
"01/06/2020","40.79","40.55","40.79","40.50","3.02M","-0.66%"
"01/03/2020","41.06","41.12","41.28","40.97","3.57M","-1.44%"
"01/02/2020","41.66","41.42","41.69","41.38","3.46M","1.29%"